,categories,channels,supervisedMode,ecg_filters,ecg_poolinglayers,ecg_kernelsize,dense_units,aggreg_type,feature_fusion_with_rrs,feature_fusion_with_entropy,local_output_layer_name,LSE_r,l2_param,try_id,rrs_for_entropy_computing,rrs_for_estimating_normal_rr,initialize_with_SL,initialize_data_proportion,validation_split,stop_mode,class_sample_weights,relative_rr_scale_rate,used_db_ids,id,output_layer,conf_mat,dataset,N_Se,N_Ppr,N_Acc,N_F1,N_Sp,N_AUPRC,S_Se,S_Ppr,S_Acc,S_F1,S_Sp,S_AUPRC,V_Se,V_Ppr,V_Acc,V_F1,V_Sp,V_AUPRC
0,3,1,WSL,32,4,8,16,MGMP,True,True,predictions_beats,3,1e-10,0,60,60,False,0,0.1,valset_early_stop,[0.1 2.  2. ],10.0,[0 1 2 3 4],2021-06-30-190033268580,predictions_beats,"[[43822   430    17]
 [ 1793    26    18]
 [  495     1  2727]]",/data1/mitdb,0.9899026406740585,0.9503795272175212,0.9445559407245212,0.9697385454085875,0.5478260869565109,0.9857294901354503,0.014153511159498413,0.056892778993423,0.9545500618297533,0.022667829087534334,0.9909247873326013,0.26702630661831844,0.8461061123176902,0.987328023171579,0.9892355409596768,0.9112781954389879,0.9992408797119658,0.9321350912644896
,categories,channels,supervisedMode,ecg_filters,ecg_poolinglayers,ecg_kernelsize,dense_units,aggreg_type,feature_fusion_with_rrs,feature_fusion_with_entropy,local_output_layer_name,LSE_r,l2_param,try_id,rrs_for_entropy_computing,rrs_for_estimating_normal_rr,initialize_with_SL,initialize_data_proportion,validation_split,stop_mode,class_sample_weights,relative_rr_scale_rate,used_db_ids,id,output_layer,conf_mat,dataset,N_Se,N_Ppr,N_Acc,N_F1,N_Sp,N_AUPRC,S_Se,S_Ppr,S_Acc,S_F1,S_Sp,S_AUPRC,V_Se,V_Ppr,V_Acc,V_F1,V_Sp,V_AUPRC
0,3,1,WSL,32,4,8,16,MGMP,True,True,predictions_beats,3,1e-10,0,60,60,False,0,0.1,valset_early_stop,[0.1 2.  2. ],10.0,[0 1 2 3 4],2021-06-30-190033268580,predictions_beats,"[[158523   3349    509]
 [ 11453    194    555]
 [  2360     30   7559]]",/data1/mit-bih-supraventricular-arrhythmia-database-1.0.0,0.9762410626859048,0.9198484356141486,0.9042388312054274,0.9472061472326735,0.3764164146088196,0.9457225504863566,0.015899032945418654,0.05429610971172532,0.9166160882665333,0.024595879521220308,0.9803922706435323,0.07791418376590244,0.7597748517438863,0.8766090687695596,0.9812823792079418,0.8140211069931064,0.9939054776238231,0.8302396747396658
,categories,channels,supervisedMode,ecg_filters,ecg_poolinglayers,ecg_kernelsize,dense_units,aggreg_type,feature_fusion_with_rrs,feature_fusion_with_entropy,local_output_layer_name,LSE_r,l2_param,try_id,rrs_for_entropy_computing,rrs_for_estimating_normal_rr,initialize_with_SL,initialize_data_proportion,validation_split,stop_mode,class_sample_weights,relative_rr_scale_rate,used_db_ids,id,output_layer,conf_mat,dataset,N_Se,N_Ppr,N_Acc,N_F1,N_Sp,N_AUPRC,S_Se,S_Ppr,S_Acc,S_F1,S_Sp,S_AUPRC,V_Se,V_Ppr,V_Acc,V_F1,V_Sp,V_AUPRC
0,3,1,WSL,32,4,8,16,MGMP,True,True,predictions_beats,3,1e-10,0,60,60,False,0,0.1,valset_early_stop,[0.1 2.  2. ],10.0,[0 1 2 3 4],2021-06-30-190033268580,predictions_beats,"[[149841   3089    777]
 [  1856     57     47]
 [  3766     94  16158]]",/data1/incart/files,0.9748482502423437,0.9638370544759841,0.9459942510743656,0.9693113820375256,0.7441987441987409,0.9837174268679325,0.02908163265305974,0.01759259259259205,0.9710504596294499,0.021923076876105667,0.9816779392718372,0.02689831742592916,0.8071735438105665,0.9514780355670656,0.9733386458718725,0.8734054053557374,0.9947066494504289,0.9449843978954381
,categories,channels,supervisedMode,ecg_filters,ecg_poolinglayers,ecg_kernelsize,dense_units,aggreg_type,feature_fusion_with_rrs,feature_fusion_with_entropy,local_output_layer_name,LSE_r,l2_param,try_id,rrs_for_entropy_computing,rrs_for_estimating_normal_rr,initialize_with_SL,initialize_data_proportion,validation_split,stop_mode,class_sample_weights,relative_rr_scale_rate,used_db_ids,id,output_layer,conf_mat,dataset,N_Se,N_Ppr,N_Acc,N_F1,N_Sp,N_AUPRC,S_Se,S_Ppr,S_Acc,S_F1,S_Sp,S_AUPRC,V_Se,V_Ppr,V_Acc,V_F1,V_Sp,V_AUPRC
0,3,1,WSL,32,4,8,16,MGMP,True,True,predictions_beats,3,1e-10,0,60,60,False,0,0.1,valset_early_stop,[0.1 2.  2. ],10.0,[0 1 2 3 4],2021-06-30-190033268580,predictions_beats,"[[352186   6868   1303]
 [ 15102    277    620]
 [  6621    125  26444]]",total_db,0.9773252635580824,0.9419029763926514,0.927006978459074,0.9592872337317797,0.5583768728780814,0.969018590294085,0.01731358209888107,0.038101788170563436,0.9445361449019155,0.023808500537207122,0.9822308390103339,0.06505306540134123,0.7967460078336824,0.932209962280111,0.9788326586024522,0.8591711746339307,0.994890476038644,0.9033463303171678
,categories,channels,supervisedMode,ecg_filters,ecg_poolinglayers,ecg_kernelsize,dense_units,aggreg_type,feature_fusion_with_rrs,feature_fusion_with_entropy,local_output_layer_name,LSE_r,l2_param,try_id,rrs_for_entropy_computing,rrs_for_estimating_normal_rr,initialize_with_SL,initialize_data_proportion,validation_split,stop_mode,class_sample_weights,relative_rr_scale_rate,used_db_ids,id,output_layer,conf_mat,dataset,N_Se,N_Ppr,N_Acc,N_F1,N_Sp,N_AUPRC,S_Se,S_Ppr,S_Acc,S_F1,S_Sp,S_AUPRC,V_Se,V_Ppr,V_Acc,V_F1,V_Sp,V_AUPRC
0,3,1,WSL,32,4,8,16,MGMP,True,True,predictions_beats,3,1e-10,1,60,60,False,0,0.1,valset_early_stop,[0.1 2.  2. ],10.0,[0 1 2 3 4],2021-06-30-192206081990,predictions_beats,"[[43704   494    71]
 [  196  1578    63]
 [  282    42  2899]]",/data1/mitdb,0.9872371185253767,0.9891811144810081,0.9788562508869002,0.9882081604004167,0.9055335968379268,0.997900222020323,0.8590092542187883,0.74645222327338,0.9838837195159014,0.7987851176419289,0.9887138886549293,0.7776949807683192,0.8994725411107385,0.9558193208044525,0.9907154006770844,0.9267902812799398,0.9970936537543899,0.9655796477405428
,categories,channels,supervisedMode,ecg_filters,ecg_poolinglayers,ecg_kernelsize,dense_units,aggreg_type,feature_fusion_with_rrs,feature_fusion_with_entropy,local_output_layer_name,LSE_r,l2_param,try_id,rrs_for_entropy_computing,rrs_for_estimating_normal_rr,initialize_with_SL,initialize_data_proportion,validation_split,stop_mode,class_sample_weights,relative_rr_scale_rate,used_db_ids,id,output_layer,conf_mat,dataset,N_Se,N_Ppr,N_Acc,N_F1,N_Sp,N_AUPRC,S_Se,S_Ppr,S_Acc,S_F1,S_Sp,S_AUPRC,V_Se,V_Ppr,V_Acc,V_F1,V_Sp,V_AUPRC
0,3,1,WSL,32,4,8,16,MGMP,True,True,predictions_beats,3,1e-10,1,60,60,False,0,0.1,valset_early_stop,[0.1 2.  2. ],10.0,[0 1 2 3 4],2021-06-30-192206081990,predictions_beats,"[[158838   1087   2456]
 [  5598   4730   1874]
 [  1248    772   7929]]",/data1/mit-bih-supraventricular-arrhythmia-database-1.0.0,0.9781809448149716,0.9586803795176355,0.9437008215377274,0.9683324950348201,0.6909394609724135,0.9914289632921454,0.38764137026716616,0.7178631051752813,0.9494342444670838,0.5034324942336321,0.9892125573028487,0.5894628394900926,0.7969645190471324,0.6467901133860784,0.965588624195261,0.7140670028323788,0.9751980433375524,0.8222335718929037
,categories,channels,supervisedMode,ecg_filters,ecg_poolinglayers,ecg_kernelsize,dense_units,aggreg_type,feature_fusion_with_rrs,feature_fusion_with_entropy,local_output_layer_name,LSE_r,l2_param,try_id,rrs_for_entropy_computing,rrs_for_estimating_normal_rr,initialize_with_SL,initialize_data_proportion,validation_split,stop_mode,class_sample_weights,relative_rr_scale_rate,used_db_ids,id,output_layer,conf_mat,dataset,N_Se,N_Ppr,N_Acc,N_F1,N_Sp,N_AUPRC,S_Se,S_Ppr,S_Acc,S_F1,S_Sp,S_AUPRC,V_Se,V_Ppr,V_Acc,V_F1,V_Sp,V_AUPRC
0,3,1,WSL,32,4,8,16,MGMP,True,True,predictions_beats,3,1e-10,1,60,60,False,0,0.1,valset_early_stop,[0.1 2.  2. ],10.0,[0 1 2 3 4],2021-06-30-192206081990,predictions_beats,"[[152160   1043    504]
 [   111   1761     88]
 [  1541   1110  17367]]",/data1/incart/files,0.9899353965661936,0.9892596156346704,0.9817912741554482,0.9895973906803284,0.9248339248339207,0.9986091756418063,0.8984693877550561,0.44992335206948264,0.9866124028801543,0.5995914197716513,0.9876068499064609,0.6744426724442111,0.8675691877310377,0.9670360265048112,0.9815408259100089,0.914606208971392,0.996197010284774,0.9728433841684067
,categories,channels,supervisedMode,ecg_filters,ecg_poolinglayers,ecg_kernelsize,dense_units,aggreg_type,feature_fusion_with_rrs,feature_fusion_with_entropy,local_output_layer_name,LSE_r,l2_param,try_id,rrs_for_entropy_computing,rrs_for_estimating_normal_rr,initialize_with_SL,initialize_data_proportion,validation_split,stop_mode,class_sample_weights,relative_rr_scale_rate,used_db_ids,id,output_layer,conf_mat,dataset,N_Se,N_Ppr,N_Acc,N_F1,N_Sp,N_AUPRC,S_Se,S_Ppr,S_Acc,S_F1,S_Sp,S_AUPRC,V_Se,V_Ppr,V_Acc,V_F1,V_Sp,V_AUPRC
0,3,1,WSL,32,4,8,16,MGMP,True,True,predictions_beats,3,1e-10,1,60,60,False,0,0.1,valset_early_stop,[0.1 2.  2. ],10.0,[0 1 2 3 4],2021-06-30-192206081990,predictions_beats,"[[354702   2624   3031]
 [  5905   8069   2025]
 [  3071   1924  28195]]",total_db,0.9843072286649069,0.9753188259944233,0.9642750753273134,0.9797924133001841,0.8175201772754054,0.9958921561460543,0.5043440215013407,0.6395339621146022,0.9695321160504556,0.5639502375799927,0.9884435658256825,0.5578653072515732,0.8495028623079215,0.847944422724126,0.9754581902887585,0.8487229270582589,0.98656591099916,0.9225071642201612
,categories,channels,supervisedMode,ecg_filters,ecg_poolinglayers,ecg_kernelsize,dense_units,aggreg_type,feature_fusion_with_rrs,feature_fusion_with_entropy,local_output_layer_name,LSE_r,l2_param,try_id,rrs_for_entropy_computing,rrs_for_estimating_normal_rr,initialize_with_SL,initialize_data_proportion,validation_split,stop_mode,class_sample_weights,relative_rr_scale_rate,used_db_ids,id,output_layer,conf_mat,dataset,N_Se,N_Ppr,N_Acc,N_F1,N_Sp,N_AUPRC,S_Se,S_Ppr,S_Acc,S_F1,S_Sp,S_AUPRC,V_Se,V_Ppr,V_Acc,V_F1,V_Sp,V_AUPRC
0,3,1,WSL,32,4,8,16,MGMP,True,True,predictions_beats,3,1e-10,2,60,60,False,0,0.1,valset_early_stop,[0.1 2.  2. ],10.0,[0 1 2 3 4],2021-06-30-194607308457,predictions_beats,"[[43538   462   269]
 [  195  1609    33]
 [  218    28  2977]]",/data1/mitdb,0.9834873161806208,0.9906031717139518,0.9768087737436376,0.9870324189026168,0.918379446640298,0.9982917605008383,0.875884594447421,0.7665555026202588,0.9854446674370025,0.817581300763188,0.9896824728375284,0.7670785113601207,0.9236735960285162,0.9078987496187585,0.9888909160939792,0.9157182404913474,0.9934498763718366,0.9678351155290335
,categories,channels,supervisedMode,ecg_filters,ecg_poolinglayers,ecg_kernelsize,dense_units,aggreg_type,feature_fusion_with_rrs,feature_fusion_with_entropy,local_output_layer_name,LSE_r,l2_param,try_id,rrs_for_entropy_computing,rrs_for_estimating_normal_rr,initialize_with_SL,initialize_data_proportion,validation_split,stop_mode,class_sample_weights,relative_rr_scale_rate,used_db_ids,id,output_layer,conf_mat,dataset,N_Se,N_Ppr,N_Acc,N_F1,N_Sp,N_AUPRC,S_Se,S_Ppr,S_Acc,S_F1,S_Sp,S_AUPRC,V_Se,V_Ppr,V_Acc,V_F1,V_Sp,V_AUPRC
0,3,1,WSL,32,4,8,16,MGMP,True,True,predictions_beats,3,1e-10,2,60,60,False,0,0.1,valset_early_stop,[0.1 2.  2. ],10.0,[0 1 2 3 4],2021-06-30-194607308457,predictions_beats,"[[160585    979    817]
 [  5677   4823   1702]
 [  1357    639   7953]]",/data1/mit-bih-supraventricular-arrhythmia-database-1.0.0,0.9889395926863359,0.9580357835328925,0.9521492207313632,0.9732424241924365,0.6824522594916678,0.991018325936654,0.39526307162759877,0.7487967706877697,0.9512442286432701,0.5174059968436817,0.990611036963964,0.583683135571759,0.7993768217911268,0.7594537815125978,0.9755326989356855,0.77890406929041,0.9855713328330932,0.8615592218325727
,categories,channels,supervisedMode,ecg_filters,ecg_poolinglayers,ecg_kernelsize,dense_units,aggreg_type,feature_fusion_with_rrs,feature_fusion_with_entropy,local_output_layer_name,LSE_r,l2_param,try_id,rrs_for_entropy_computing,rrs_for_estimating_normal_rr,initialize_with_SL,initialize_data_proportion,validation_split,stop_mode,class_sample_weights,relative_rr_scale_rate,used_db_ids,id,output_layer,conf_mat,dataset,N_Se,N_Ppr,N_Acc,N_F1,N_Sp,N_AUPRC,S_Se,S_Ppr,S_Acc,S_F1,S_Sp,S_AUPRC,V_Se,V_Ppr,V_Acc,V_F1,V_Sp,V_AUPRC
0,3,1,WSL,32,4,8,16,MGMP,True,True,predictions_beats,3,1e-10,2,60,60,False,0,0.1,valset_early_stop,[0.1 2.  2. ],10.0,[0 1 2 3 4],2021-06-30-194607308457,predictions_beats,"[[151703    888   1116]
 [   136   1722    102]
 [  1510    988  17520]]",/data1/incart/files,0.9869622073165172,0.9892663140939941,0.9792241796396955,0.9881129174634171,0.9251069251069209,0.9988385174281474,0.8785714285713837,0.47859922178986997,0.9879671002077577,0.6196473551180484,0.9892013239315004,0.6116000329430411,0.8752123089219659,0.9349983989753393,0.9788485072715366,0.9041180719905081,0.9921756056196877,0.9690343624920558
,categories,channels,supervisedMode,ecg_filters,ecg_poolinglayers,ecg_kernelsize,dense_units,aggreg_type,feature_fusion_with_rrs,feature_fusion_with_entropy,local_output_layer_name,LSE_r,l2_param,try_id,rrs_for_entropy_computing,rrs_for_estimating_normal_rr,initialize_with_SL,initialize_data_proportion,validation_split,stop_mode,class_sample_weights,relative_rr_scale_rate,used_db_ids,id,output_layer,conf_mat,dataset,N_Se,N_Ppr,N_Acc,N_F1,N_Sp,N_AUPRC,S_Se,S_Ppr,S_Acc,S_F1,S_Sp,S_AUPRC,V_Se,V_Ppr,V_Acc,V_F1,V_Sp,V_AUPRC
0,3,1,WSL,32,4,8,16,MGMP,True,True,predictions_beats,3,1e-10,2,60,60,False,0,0.1,valset_early_stop,[0.1 2.  2. ],10.0,[0 1 2 3 4],2021-06-30-194607308457,predictions_beats,"[[355826   2329   2202]
 [  6008   8154   1837]
 [  3085   1655  28450]]",total_db,0.9874263577507857,0.9750821415163362,0.9667338955819368,0.9812154269047056,0.8151415966984471,0.9957726723481853,0.5096568535533439,0.6717745921898116,0.9711167976246866,0.5795927070625697,0.9898766856309409,0.5531496151799753,0.8571858993672766,0.8756809997229805,0.9785640685051249,0.8663347492610461,0.989268139740033,0.934296293464955
,categories,channels,supervisedMode,ecg_filters,ecg_poolinglayers,ecg_kernelsize,dense_units,aggreg_type,feature_fusion_with_rrs,feature_fusion_with_entropy,local_output_layer_name,LSE_r,l2_param,try_id,rrs_for_entropy_computing,rrs_for_estimating_normal_rr,initialize_with_SL,initialize_data_proportion,validation_split,stop_mode,class_sample_weights,relative_rr_scale_rate,used_db_ids,id,output_layer,conf_mat,dataset,N_Se,N_Ppr,N_Acc,N_F1,N_Sp,N_AUPRC,S_Se,S_Ppr,S_Acc,S_F1,S_Sp,S_AUPRC,V_Se,V_Ppr,V_Acc,V_F1,V_Sp,V_AUPRC
0,3,1,WSL,32,4,8,16,MGMP,True,True,predictions_beats,3,1e-10,3,60,60,False,0,0.1,valset_early_stop,[0.1 2.  2. ],10.0,[0 1 2 3 4],2021-06-30-201128015732,predictions_beats,"[[40552   623  3094]
 [ 1789    28    20]
 [  951     0  2272]]",/data1/mitdb,0.9160360523165173,0.9367088607594914,0.8691033671876566,0.9262571235552621,0.45849802371540593,0.9573075669253661,0.015242242787152136,0.043010752688165434,0.9506983721543089,0.02250803854656877,0.9868820011791438,0.14361744814524505,0.7049332919639868,0.4218343854437352,0.9175941129964099,0.5278197234982712,0.9324599835162432,0.27084140046680555
,categories,channels,supervisedMode,ecg_filters,ecg_poolinglayers,ecg_kernelsize,dense_units,aggreg_type,feature_fusion_with_rrs,feature_fusion_with_entropy,local_output_layer_name,LSE_r,l2_param,try_id,rrs_for_entropy_computing,rrs_for_estimating_normal_rr,initialize_with_SL,initialize_data_proportion,validation_split,stop_mode,class_sample_weights,relative_rr_scale_rate,used_db_ids,id,output_layer,conf_mat,dataset,N_Se,N_Ppr,N_Acc,N_F1,N_Sp,N_AUPRC,S_Se,S_Ppr,S_Acc,S_F1,S_Sp,S_AUPRC,V_Se,V_Ppr,V_Acc,V_F1,V_Sp,V_AUPRC
0,3,1,WSL,32,4,8,16,MGMP,True,True,predictions_beats,3,1e-10,3,60,60,False,0,0.1,valset_early_stop,[0.1 2.  2. ],10.0,[0 1 2 3 4],2021-06-30-201128015732,predictions_beats,"[[147216   5285   9880]
 [ 11401     67    734]
 [  3190      7   6752]]",/data1/mit-bih-supraventricular-arrhythmia-database-1.0.0,0.9066085317863538,0.9098246676596187,0.8387488348904251,0.908213752463973,0.34129384677892494,0.8949485859779929,0.005490903130634277,0.01250233252472453,0.9055610950946174,0.007630544915168507,0.9692914756571689,0.049086032088213015,0.6786611719770763,0.3888057123114109,0.9251566124032684,0.4943803770358723,0.9392037025369018,0.3078580900444944
,categories,channels,supervisedMode,ecg_filters,ecg_poolinglayers,ecg_kernelsize,dense_units,aggreg_type,feature_fusion_with_rrs,feature_fusion_with_entropy,local_output_layer_name,LSE_r,l2_param,try_id,rrs_for_entropy_computing,rrs_for_estimating_normal_rr,initialize_with_SL,initialize_data_proportion,validation_split,stop_mode,class_sample_weights,relative_rr_scale_rate,used_db_ids,id,output_layer,conf_mat,dataset,N_Se,N_Ppr,N_Acc,N_F1,N_Sp,N_AUPRC,S_Se,S_Ppr,S_Acc,S_F1,S_Sp,S_AUPRC,V_Se,V_Ppr,V_Acc,V_F1,V_Sp,V_AUPRC
0,3,1,WSL,32,4,8,16,MGMP,True,True,predictions_beats,3,1e-10,3,60,60,False,0,0.1,valset_early_stop,[0.1 2.  2. ],10.0,[0 1 2 3 4],2021-06-30-201128015732,predictions_beats,"[[133083   2747  17877]
 [  1898     22     40]
 [  7853     46  12119]]",/data1/incart/files,0.8658226365747814,0.9317319405743725,0.8271053305632236,0.8975689701767807,0.5563290563290538,0.9201177985835449,0.011224489795917794,0.007815275310834535,0.9730711216096987,0.009214659637466567,0.9839228665995102,0.007506201830346768,0.6054051353781567,0.4034824876814476,0.8530551839940799,0.48423702396606577,0.8849017453924076,0.2821585598537074
,categories,channels,supervisedMode,ecg_filters,ecg_poolinglayers,ecg_kernelsize,dense_units,aggreg_type,feature_fusion_with_rrs,feature_fusion_with_entropy,local_output_layer_name,LSE_r,l2_param,try_id,rrs_for_entropy_computing,rrs_for_estimating_normal_rr,initialize_with_SL,initialize_data_proportion,validation_split,stop_mode,class_sample_weights,relative_rr_scale_rate,used_db_ids,id,output_layer,conf_mat,dataset,N_Se,N_Ppr,N_Acc,N_F1,N_Sp,N_AUPRC,S_Se,S_Ppr,S_Acc,S_F1,S_Sp,S_AUPRC,V_Se,V_Ppr,V_Acc,V_F1,V_Sp,V_AUPRC
0,3,1,WSL,32,4,8,16,MGMP,True,True,predictions_beats,3,1e-10,3,60,60,False,0,0.1,valset_early_stop,[0.1 2.  2. ],10.0,[0 1 2 3 4],2021-06-30-201128015732,predictions_beats,"[[320851   8655  30851]
 [ 15088    117    794]
 [ 11994     53  21143]]",total_db,0.890369827698643,0.9221631750940552,0.837410205447007,0.9059876603715938,0.4494297505539847,0.9156411618686547,0.007312957059816193,0.013257790368271804,0.939957904606564,0.009426361539738174,0.9778730367656211,0.035493204891397505,0.6370292256703807,0.400526634841251,0.8933160133416024,0.4918234896825276,0.9159173761013506,0.2763523528312542
,categories,channels,supervisedMode,ecg_filters,ecg_poolinglayers,ecg_kernelsize,dense_units,aggreg_type,feature_fusion_with_rrs,feature_fusion_with_entropy,local_output_layer_name,LSE_r,l2_param,try_id,rrs_for_entropy_computing,rrs_for_estimating_normal_rr,initialize_with_SL,initialize_data_proportion,validation_split,stop_mode,class_sample_weights,relative_rr_scale_rate,used_db_ids,id,output_layer,conf_mat,dataset,N_Se,N_Ppr,N_Acc,N_F1,N_Sp,N_AUPRC,S_Se,S_Ppr,S_Acc,S_F1,S_Sp,S_AUPRC,V_Se,V_Ppr,V_Acc,V_F1,V_Sp,V_AUPRC
0,3,1,WSL,32,4,8,16,MGMP,True,True,predictions_beats,3,1e-10,4,60,60,False,0,0.1,valset_early_stop,[0.1 2.  2. ],10.0,[0 1 2 3 4],2021-06-30-205032713740,predictions_beats,"[[43362   583   324]
 [  134  1594   109]
 [  172    23  3028]]",/data1/mitdb,0.9795116221283494,0.9929925803792228,0.9754100022299236,0.9862060338151535,0.9395256916995862,0.9979398810693505,0.8677191072400181,0.7245454545454216,0.9827890287660382,0.7896953182560377,0.9872399562031479,0.6702680002823188,0.9394973627055246,0.8748916498121677,0.9872691520201078,0.9060442848094018,0.9906085975794886,0.9746235215716162
,categories,channels,supervisedMode,ecg_filters,ecg_poolinglayers,ecg_kernelsize,dense_units,aggreg_type,feature_fusion_with_rrs,feature_fusion_with_entropy,local_output_layer_name,LSE_r,l2_param,try_id,rrs_for_entropy_computing,rrs_for_estimating_normal_rr,initialize_with_SL,initialize_data_proportion,validation_split,stop_mode,class_sample_weights,relative_rr_scale_rate,used_db_ids,id,output_layer,conf_mat,dataset,N_Se,N_Ppr,N_Acc,N_F1,N_Sp,N_AUPRC,S_Se,S_Ppr,S_Acc,S_F1,S_Sp,S_AUPRC,V_Se,V_Ppr,V_Acc,V_F1,V_Sp,V_AUPRC
0,3,1,WSL,32,4,8,16,MGMP,True,True,predictions_beats,3,1e-10,4,60,60,False,0,0.1,valset_early_stop,[0.1 2.  2. ],10.0,[0 1 2 3 4],2021-06-30-205032713740,predictions_beats,"[[159683   1295   1403]
 [  5018   4480   2704]
 [   947    642   8360]]",/data1/mit-bih-supraventricular-arrhythmia-database-1.0.0,0.983384755605643,0.96398990630735,0.9530542128194563,0.9735907495483631,0.7307119317412274,0.9913163910641758,0.36715292574987407,0.6981455508804628,0.9476567749766973,0.4812288522025257,0.9887599373295417,0.5797165489293193,0.8402854558246976,0.6705703056067965,0.9691327249474342,0.7458957886729655,0.9764753727453412,0.8663122274619819
,categories,channels,supervisedMode,ecg_filters,ecg_poolinglayers,ecg_kernelsize,dense_units,aggreg_type,feature_fusion_with_rrs,feature_fusion_with_entropy,local_output_layer_name,LSE_r,l2_param,try_id,rrs_for_entropy_computing,rrs_for_estimating_normal_rr,initialize_with_SL,initialize_data_proportion,validation_split,stop_mode,class_sample_weights,relative_rr_scale_rate,used_db_ids,id,output_layer,conf_mat,dataset,N_Se,N_Ppr,N_Acc,N_F1,N_Sp,N_AUPRC,S_Se,S_Ppr,S_Acc,S_F1,S_Sp,S_AUPRC,V_Se,V_Ppr,V_Acc,V_F1,V_Sp,V_AUPRC
0,3,1,WSL,32,4,8,16,MGMP,True,True,predictions_beats,3,1e-10,4,60,60,False,0,0.1,valset_early_stop,[0.1 2.  2. ],10.0,[0 1 2 3 4],2021-06-30-205032713740,predictions_beats,"[[152389   1110    208]
 [   140   1741     79]
 [  1303   1064  17651]]",/data1/incart/files,0.991425244133318,0.990619637006604,0.9842843725986846,0.9910222767994397,0.9343434343434301,0.9986444331790773,0.8882653061224036,0.44469987228606783,0.9863790306514495,0.5926808510193463,0.9874859692042015,0.5766166770143555,0.8817564192226952,0.9840004459805944,0.9848934171955483,0.9300769311336209,0.9981563208644088,0.9810943070078798
,categories,channels,supervisedMode,ecg_filters,ecg_poolinglayers,ecg_kernelsize,dense_units,aggreg_type,feature_fusion_with_rrs,feature_fusion_with_entropy,local_output_layer_name,LSE_r,l2_param,try_id,rrs_for_entropy_computing,rrs_for_estimating_normal_rr,initialize_with_SL,initialize_data_proportion,validation_split,stop_mode,class_sample_weights,relative_rr_scale_rate,used_db_ids,id,output_layer,conf_mat,dataset,N_Se,N_Ppr,N_Acc,N_F1,N_Sp,N_AUPRC,S_Se,S_Ppr,S_Acc,S_F1,S_Sp,S_AUPRC,V_Se,V_Ppr,V_Acc,V_F1,V_Sp,V_AUPRC
0,3,1,WSL,32,4,8,16,MGMP,True,True,predictions_beats,3,1e-10,4,60,60,False,0,0.1,valset_early_stop,[0.1 2.  2. ],10.0,[0 1 2 3 4],2021-06-30-205032713740,predictions_beats,"[[355434   2988   1935]
 [  5292   7815   2892]
 [  2422   1729  29039]]",total_db,0.9863385476069562,0.9787579719563371,0.9691438812734098,0.9825336382800742,0.843176319908921,0.9958769272276706,0.4884680292518252,0.6236035748483831,0.9684992650398243,0.5478251725699907,0.9880141380826175,0.5187761603851087,0.8749322084965324,0.8574676666863495,0.9780781646017783,0.8661119064162397,0.9871743774511363,0.9396609253187773
,categories,channels,supervisedMode,ecg_filters,ecg_poolinglayers,ecg_kernelsize,dense_units,aggreg_type,feature_fusion_with_rrs,feature_fusion_with_entropy,local_output_layer_name,LSE_r,l2_param,try_id,rrs_for_entropy_computing,rrs_for_estimating_normal_rr,initialize_with_SL,initialize_data_proportion,validation_split,stop_mode,class_sample_weights,relative_rr_scale_rate,used_db_ids,id,output_layer,conf_mat,dataset,N_Se,N_Ppr,N_Acc,N_F1,N_Sp,N_AUPRC,S_Se,S_Ppr,S_Acc,S_F1,S_Sp,S_AUPRC,V_Se,V_Ppr,V_Acc,V_F1,V_Sp,V_AUPRC
0,3,1,WSL,32,4,8,16,MGMP,True,True,predictions_beats,3,1e-10,5,60,60,False,0,0.1,valset_early_stop,[0.1 2.  2. ],10.0,[0 1 2 3 4],2021-06-30-211123050830,predictions_beats,"[[40546   564  3159]
 [ 1800    16    21]
 [  358     0  2865]]",/data1/mitdb,0.915900517292008,0.9494660921693495,0.8807800685195303,0.9323813136910599,0.5735177865612535,0.9767243547799453,0.008709853021229792,0.027586206896546967,0.9516511585477083,0.013239553128603023,0.9881243156742167,0.12222799366036957,0.8889233633260661,0.47394540942927255,0.9282774838330374,0.6182563659451273,0.9310284995445258,0.4148701611757063
,categories,channels,supervisedMode,ecg_filters,ecg_poolinglayers,ecg_kernelsize,dense_units,aggreg_type,feature_fusion_with_rrs,feature_fusion_with_entropy,local_output_layer_name,LSE_r,l2_param,try_id,rrs_for_entropy_computing,rrs_for_estimating_normal_rr,initialize_with_SL,initialize_data_proportion,validation_split,stop_mode,class_sample_weights,relative_rr_scale_rate,used_db_ids,id,output_layer,conf_mat,dataset,N_Se,N_Ppr,N_Acc,N_F1,N_Sp,N_AUPRC,S_Se,S_Ppr,S_Acc,S_F1,S_Sp,S_AUPRC,V_Se,V_Ppr,V_Acc,V_F1,V_Sp,V_AUPRC
0,3,1,WSL,32,4,8,16,MGMP,True,True,predictions_beats,3,1e-10,5,60,60,False,0,0.1,valset_early_stop,[0.1 2.  2. ],10.0,[0 1 2 3 4],2021-06-30-211123050830,predictions_beats,"[[148819   3036  10526]
 [ 10485     63   1654]
 [  1827      2   8120]]",/data1/mit-bih-supraventricular-arrhythmia-database-1.0.0,0.9164803763987162,0.92359012232283,0.8597858366028652,0.9200215138351112,0.4441785923886035,0.9392039030648974,0.005163088018357604,0.02031602708803546,0.9177541022695246,0.008233679638337299,0.9823710323217079,0.05661718906783724,0.8161624283847541,0.3999999999999981,0.9240836277718766,0.536877252096418,0.9302337570095595,0.49638471669454526
,categories,channels,supervisedMode,ecg_filters,ecg_poolinglayers,ecg_kernelsize,dense_units,aggreg_type,feature_fusion_with_rrs,feature_fusion_with_entropy,local_output_layer_name,LSE_r,l2_param,try_id,rrs_for_entropy_computing,rrs_for_estimating_normal_rr,initialize_with_SL,initialize_data_proportion,validation_split,stop_mode,class_sample_weights,relative_rr_scale_rate,used_db_ids,id,output_layer,conf_mat,dataset,N_Se,N_Ppr,N_Acc,N_F1,N_Sp,N_AUPRC,S_Se,S_Ppr,S_Acc,S_F1,S_Sp,S_AUPRC,V_Se,V_Ppr,V_Acc,V_F1,V_Sp,V_AUPRC
0,3,1,WSL,32,4,8,16,MGMP,True,True,predictions_beats,3,1e-10,5,60,60,False,0,0.1,valset_early_stop,[0.1 2.  2. ],10.0,[0 1 2 3 4],2021-06-30-211123050830,predictions_beats,"[[132425   3130  18152]
 [  1785     37    138]
 [  3107     96  16815]]",/data1/incart/files,0.8615417645260133,0.9643744037519019,0.8510174459970966,0.910062400302019,0.7774137774137739,0.9671892680734524,0.0188775510204072,0.011339258351210194,0.9706918632780255,0.014168102576124901,0.9814304216434014,0.01084068305710378,0.8399940053951402,0.4789915966386541,0.8776617241084892,0.6100901619550857,0.8825056049130511,0.40234251983423713
,categories,channels,supervisedMode,ecg_filters,ecg_poolinglayers,ecg_kernelsize,dense_units,aggreg_type,feature_fusion_with_rrs,feature_fusion_with_entropy,local_output_layer_name,LSE_r,l2_param,try_id,rrs_for_entropy_computing,rrs_for_estimating_normal_rr,initialize_with_SL,initialize_data_proportion,validation_split,stop_mode,class_sample_weights,relative_rr_scale_rate,used_db_ids,id,output_layer,conf_mat,dataset,N_Se,N_Ppr,N_Acc,N_F1,N_Sp,N_AUPRC,S_Se,S_Ppr,S_Acc,S_F1,S_Sp,S_AUPRC,V_Se,V_Ppr,V_Acc,V_F1,V_Sp,V_AUPRC
0,3,1,WSL,32,4,8,16,MGMP,True,True,predictions_beats,3,1e-10,5,60,60,False,0,0.1,valset_early_stop,[0.1 2.  2. ],10.0,[0 1 2 3 4],2021-06-30-211123050830,predictions_beats,"[[321790   6730  31837]
 [ 14070    116   1813]
 [  5292     98  27800]]",total_db,0.8929755769972552,0.9432452396585683,0.8585531295629792,0.9174222995926647,0.6063754091361877,0.9575646405807792,0.007250453153322037,0.01670506912442372,0.9445459118145456,0.01011201669491943,0.9826501027831489,0.04254058671415271,0.8376016872551948,0.4524003254678593,0.904674932730389,0.5874894335977369,0.91058997332313,0.4238824508047889
,categories,channels,supervisedMode,ecg_filters,ecg_poolinglayers,ecg_kernelsize,dense_units,aggreg_type,feature_fusion_with_rrs,feature_fusion_with_entropy,local_output_layer_name,LSE_r,l2_param,try_id,rrs_for_entropy_computing,rrs_for_estimating_normal_rr,initialize_with_SL,initialize_data_proportion,validation_split,stop_mode,class_sample_weights,relative_rr_scale_rate,used_db_ids,id,output_layer,conf_mat,dataset,N_Se,N_Ppr,N_Acc,N_F1,N_Sp,N_AUPRC,S_Se,S_Ppr,S_Acc,S_F1,S_Sp,S_AUPRC,V_Se,V_Ppr,V_Acc,V_F1,V_Sp,V_AUPRC
0,3,1,WSL,32,4,8,16,MGMP,True,True,predictions_beats,3,1e-10,6,60,60,False,0,0.1,valset_early_stop,[0.1 2.  2. ],10.0,[0 1 2 3 4],2021-06-30-213529646256,predictions_beats,"[[43187   612   470]
 [  140  1605    92]
 [  234    33  2956]]",/data1/mitdb,0.9755585172468296,0.9914143385138059,0.9704838938555393,0.9834225207287782,0.9260869565217208,0.9980742870954882,0.8737071311921135,0.7133333333333016,0.9822214113401833,0.7854171763634891,0.9864187652657268,0.7187677053141481,0.9171579273968068,0.8402501421261842,0.9831944697845061,0.8770212134198814,0.9878106970893138,0.9548458822504623
,categories,channels,supervisedMode,ecg_filters,ecg_poolinglayers,ecg_kernelsize,dense_units,aggreg_type,feature_fusion_with_rrs,feature_fusion_with_entropy,local_output_layer_name,LSE_r,l2_param,try_id,rrs_for_entropy_computing,rrs_for_estimating_normal_rr,initialize_with_SL,initialize_data_proportion,validation_split,stop_mode,class_sample_weights,relative_rr_scale_rate,used_db_ids,id,output_layer,conf_mat,dataset,N_Se,N_Ppr,N_Acc,N_F1,N_Sp,N_AUPRC,S_Se,S_Ppr,S_Acc,S_F1,S_Sp,S_AUPRC,V_Se,V_Ppr,V_Acc,V_F1,V_Sp,V_AUPRC
0,3,1,WSL,32,4,8,16,MGMP,True,True,predictions_beats,3,1e-10,6,60,60,False,0,0.1,valset_early_stop,[0.1 2.  2. ],10.0,[0 1 2 3 4],2021-06-30-213529646256,predictions_beats,"[[160273   1118    990]
 [  5214   4236   2752]
 [  1048    763   8138]]",/data1/mit-bih-supraventricular-arrhythmia-database-1.0.0,0.987018185625165,0.9623982946527752,0.9546420133093443,0.9745527733024743,0.7173039591891982,0.991967452937056,0.347156203900997,0.6924963217263251,0.9466379814883051,0.4624706588342715,0.9890848952590954,0.5726082136574574,0.8179716554427499,0.6850168350168292,0.9699076582923283,0.7456136331905695,0.9785660688612289,0.848357605856027
,categories,channels,supervisedMode,ecg_filters,ecg_poolinglayers,ecg_kernelsize,dense_units,aggreg_type,feature_fusion_with_rrs,feature_fusion_with_entropy,local_output_layer_name,LSE_r,l2_param,try_id,rrs_for_entropy_computing,rrs_for_estimating_normal_rr,initialize_with_SL,initialize_data_proportion,validation_split,stop_mode,class_sample_weights,relative_rr_scale_rate,used_db_ids,id,output_layer,conf_mat,dataset,N_Se,N_Ppr,N_Acc,N_F1,N_Sp,N_AUPRC,S_Se,S_Ppr,S_Acc,S_F1,S_Sp,S_AUPRC,V_Se,V_Ppr,V_Acc,V_F1,V_Sp,V_AUPRC
0,3,1,WSL,32,4,8,16,MGMP,True,True,predictions_beats,3,1e-10,6,60,60,False,0,0.1,valset_early_stop,[0.1 2.  2. ],10.0,[0 1 2 3 4],2021-06-30-213529646256,predictions_beats,"[[152547    934    226]
 [   144   1721     95]
 [  1390    977  17651]]",/data1/incart/files,0.9924531738957881,0.9900441975324661,0.9846657369724218,0.991247222063922,0.930202930202926,0.9987071209314575,0.8780612244897511,0.4738436123347887,0.9877621880069437,0.6155221744894981,0.9889998560944016,0.5557287114843814,0.8817564192226952,0.9821388827064269,0.9846998890058908,0.9292445379864656,0.9979379059145478,0.9744648952032041
,categories,channels,supervisedMode,ecg_filters,ecg_poolinglayers,ecg_kernelsize,dense_units,aggreg_type,feature_fusion_with_rrs,feature_fusion_with_entropy,local_output_layer_name,LSE_r,l2_param,try_id,rrs_for_entropy_computing,rrs_for_estimating_normal_rr,initialize_with_SL,initialize_data_proportion,validation_split,stop_mode,class_sample_weights,relative_rr_scale_rate,used_db_ids,id,output_layer,conf_mat,dataset,N_Se,N_Ppr,N_Acc,N_F1,N_Sp,N_AUPRC,S_Se,S_Ppr,S_Acc,S_F1,S_Sp,S_AUPRC,V_Se,V_Ppr,V_Acc,V_F1,V_Sp,V_AUPRC
0,3,1,WSL,32,4,8,16,MGMP,True,True,predictions_beats,3,1e-10,6,60,60,False,0,0.1,valset_early_stop,[0.1 2.  2. ],10.0,[0 1 2 3 4],2021-06-30-213529646256,predictions_beats,"[[356007   2664   1686]
 [  5498   7562   2939]
 [  2672   1773  28745]]",total_db,0.9879286374345437,0.9775658539666148,0.9694295634678397,0.9827199275172374,0.83390595458334,0.9960687942394608,0.4726545409088038,0.6302191849320724,0.9685651917000774,0.5401814414825546,0.9887256160001217,0.514989591899036,0.8660741187104523,0.8614024572969707,0.9778535256112864,0.8637319711038439,0.9877111033170718,0.9291204566641337
,categories,channels,supervisedMode,ecg_filters,ecg_poolinglayers,ecg_kernelsize,dense_units,aggreg_type,feature_fusion_with_rrs,feature_fusion_with_entropy,local_output_layer_name,LSE_r,l2_param,try_id,rrs_for_entropy_computing,rrs_for_estimating_normal_rr,initialize_with_SL,initialize_data_proportion,validation_split,stop_mode,class_sample_weights,relative_rr_scale_rate,used_db_ids,id,output_layer,conf_mat,dataset,N_Se,N_Ppr,N_Acc,N_F1,N_Sp,N_AUPRC,S_Se,S_Ppr,S_Acc,S_F1,S_Sp,S_AUPRC,V_Se,V_Ppr,V_Acc,V_F1,V_Sp,V_AUPRC
0,3,1,WSL,32,4,8,16,MGMP,True,True,predictions_beats,3,1e-10,7,60,60,False,0,0.1,valset_early_stop,[0.1 2.  2. ],10.0,[0 1 2 3 4],2021-06-30-215620300378,predictions_beats,"[[43359   647   263]
 [  138  1485   214]
 [  247    46  2930]]",/data1/mitdb,0.9794438546160948,0.9911987929773203,0.9737476940542055,0.9852862644791032,0.9239130434782427,0.9980447628131364,0.8083832335328901,0.6818181818181505,0.9788157067850535,0.739726027347584,0.9854080687273625,0.6362375360024296,0.9090909090908809,0.8599941297328776,0.9843905207889861,0.8838612367524251,0.989654274931677,0.9601482170386719
,categories,channels,supervisedMode,ecg_filters,ecg_poolinglayers,ecg_kernelsize,dense_units,aggreg_type,feature_fusion_with_rrs,feature_fusion_with_entropy,local_output_layer_name,LSE_r,l2_param,try_id,rrs_for_entropy_computing,rrs_for_estimating_normal_rr,initialize_with_SL,initialize_data_proportion,validation_split,stop_mode,class_sample_weights,relative_rr_scale_rate,used_db_ids,id,output_layer,conf_mat,dataset,N_Se,N_Ppr,N_Acc,N_F1,N_Sp,N_AUPRC,S_Se,S_Ppr,S_Acc,S_F1,S_Sp,S_AUPRC,V_Se,V_Ppr,V_Acc,V_F1,V_Sp,V_AUPRC
0,3,1,WSL,32,4,8,16,MGMP,True,True,predictions_beats,3,1e-10,7,60,60,False,0,0.1,valset_early_stop,[0.1 2.  2. ],10.0,[0 1 2 3 4],2021-06-30-215620300378,predictions_beats,"[[160247   1377    757]
 [  5331   5011   1860]
 [  1176    634   8139]]",/data1/mit-bih-supraventricular-arrhythmia-database-1.0.0,0.9868580683700674,0.9609784472936176,0.9531734333340555,0.9737463350404727,0.7062435104509923,0.9903058546013749,0.4106703819046024,0.7136143548846381,0.9501333102117785,0.5213275072361883,0.9883305286369171,0.5646964010591597,0.8180721680570829,0.7566939382670067,0.9760095809940819,0.7861869113241325,0.9850099952458138,0.8707384582231957
,categories,channels,supervisedMode,ecg_filters,ecg_poolinglayers,ecg_kernelsize,dense_units,aggreg_type,feature_fusion_with_rrs,feature_fusion_with_entropy,local_output_layer_name,LSE_r,l2_param,try_id,rrs_for_entropy_computing,rrs_for_estimating_normal_rr,initialize_with_SL,initialize_data_proportion,validation_split,stop_mode,class_sample_weights,relative_rr_scale_rate,used_db_ids,id,output_layer,conf_mat,dataset,N_Se,N_Ppr,N_Acc,N_F1,N_Sp,N_AUPRC,S_Se,S_Ppr,S_Acc,S_F1,S_Sp,S_AUPRC,V_Se,V_Ppr,V_Acc,V_F1,V_Sp,V_AUPRC
0,3,1,WSL,32,4,8,16,MGMP,True,True,predictions_beats,3,1e-10,7,60,60,False,0,0.1,valset_early_stop,[0.1 2.  2. ],10.0,[0 1 2 3 4],2021-06-30-215620300378,predictions_beats,"[[152487   1013    207]
 [   111   1765     84]
 [  1345    925  17748]]",/data1/incart/files,0.9920628208214324,0.9905419538400572,0.9847681930728287,0.9913018039480492,0.9337519337519296,0.9986246243508978,0.9005102040815867,0.4766405617067114,0.9878589521017725,0.6233445169951526,0.9888444380486396,0.6664213123332086,0.8866020581476628,0.9838682853816677,0.9854227737143177,0.9327062038022471,0.9981306249879545,0.9822064870419702
,categories,channels,supervisedMode,ecg_filters,ecg_poolinglayers,ecg_kernelsize,dense_units,aggreg_type,feature_fusion_with_rrs,feature_fusion_with_entropy,local_output_layer_name,LSE_r,l2_param,try_id,rrs_for_entropy_computing,rrs_for_estimating_normal_rr,initialize_with_SL,initialize_data_proportion,validation_split,stop_mode,class_sample_weights,relative_rr_scale_rate,used_db_ids,id,output_layer,conf_mat,dataset,N_Se,N_Ppr,N_Acc,N_F1,N_Sp,N_AUPRC,S_Se,S_Ppr,S_Acc,S_F1,S_Sp,S_AUPRC,V_Se,V_Ppr,V_Acc,V_F1,V_Sp,V_AUPRC
0,3,1,WSL,32,4,8,16,MGMP,True,True,predictions_beats,3,1e-10,7,60,60,False,0,0.1,valset_early_stop,[0.1 2.  2. ],10.0,[0 1 2 3 4],2021-06-30-215620300378,predictions_beats,"[[356093   3037   1227]
 [  5580   8261   2158]
 [  2768   1605  28817]]",total_db,0.9881672896599758,0.9770936859464218,0.9692049244773479,0.9825992896831407,0.8302872593466002,0.9954677086843725,0.5163447715482186,0.6402387041773181,0.9697714054098926,0.5716559407159147,0.9882047125248061,0.5357308161355581,0.868243446821329,0.894882305446864,0.9810570729539536,0.881361634400706,0.9910058561574676,0.9435712167913981
,categories,channels,supervisedMode,ecg_filters,ecg_poolinglayers,ecg_kernelsize,dense_units,aggreg_type,feature_fusion_with_rrs,feature_fusion_with_entropy,local_output_layer_name,LSE_r,l2_param,try_id,rrs_for_entropy_computing,rrs_for_estimating_normal_rr,initialize_with_SL,initialize_data_proportion,validation_split,stop_mode,class_sample_weights,relative_rr_scale_rate,used_db_ids,id,output_layer,conf_mat,dataset,N_Se,N_Ppr,N_Acc,N_F1,N_Sp,N_AUPRC,S_Se,S_Ppr,S_Acc,S_F1,S_Sp,S_AUPRC,V_Se,V_Ppr,V_Acc,V_F1,V_Sp,V_AUPRC
0,3,1,WSL,32,4,8,16,MGMP,True,True,predictions_beats,3,1e-10,8,60,60,False,0,0.1,valset_early_stop,[0.1 2.  2. ],10.0,[0 1 2 3 4],2021-06-30-221756173348,predictions_beats,"[[43407   614   248]
 [  148  1632    57]
 [  162    48  3013]]",/data1/mitdb,0.9805281348121688,0.9929089370267836,0.9762411563177826,0.9866796989930293,0.9387351778655941,0.9981661019100618,0.8884050081654388,0.7114210985178416,0.9824241318494171,0.7901234567406971,0.9860608102417228,0.7681281185245573,0.9348433136828751,0.9080771549125706,0.9895598937744511,0.9212658614390513,0.9933848089185767,0.9783788223975997
,categories,channels,supervisedMode,ecg_filters,ecg_poolinglayers,ecg_kernelsize,dense_units,aggreg_type,feature_fusion_with_rrs,feature_fusion_with_entropy,local_output_layer_name,LSE_r,l2_param,try_id,rrs_for_entropy_computing,rrs_for_estimating_normal_rr,initialize_with_SL,initialize_data_proportion,validation_split,stop_mode,class_sample_weights,relative_rr_scale_rate,used_db_ids,id,output_layer,conf_mat,dataset,N_Se,N_Ppr,N_Acc,N_F1,N_Sp,N_AUPRC,S_Se,S_Ppr,S_Acc,S_F1,S_Sp,S_AUPRC,V_Se,V_Ppr,V_Acc,V_F1,V_Sp,V_AUPRC
0,3,1,WSL,32,4,8,16,MGMP,True,True,predictions_beats,3,1e-10,8,60,60,False,0,0.1,valset_early_stop,[0.1 2.  2. ],10.0,[0 1 2 3 4],2021-06-30-221756173348,predictions_beats,"[[159765   1546   1070]
 [  5125   4747   2330]
 [   884    514   8551]]",/data1/mit-bih-supraventricular-arrhythmia-database-1.0.0,0.9838897407947969,0.9637518549350316,0.9532601391628548,0.9737166887098896,0.7287255654372231,0.990163241869909,0.389034584494342,0.697370354047294,0.9484371274358915,0.49944763002398906,0.9880461904485575,0.559717642372885,0.8594833651623193,0.7155049786628674,0.9739990895887971,0.780913241959543,0.9805250224821427,0.8830558805808811
,categories,channels,supervisedMode,ecg_filters,ecg_poolinglayers,ecg_kernelsize,dense_units,aggreg_type,feature_fusion_with_rrs,feature_fusion_with_entropy,local_output_layer_name,LSE_r,l2_param,try_id,rrs_for_entropy_computing,rrs_for_estimating_normal_rr,initialize_with_SL,initialize_data_proportion,validation_split,stop_mode,class_sample_weights,relative_rr_scale_rate,used_db_ids,id,output_layer,conf_mat,dataset,N_Se,N_Ppr,N_Acc,N_F1,N_Sp,N_AUPRC,S_Se,S_Ppr,S_Acc,S_F1,S_Sp,S_AUPRC,V_Se,V_Ppr,V_Acc,V_F1,V_Sp,V_AUPRC
0,3,1,WSL,32,4,8,16,MGMP,True,True,predictions_beats,3,1e-10,8,60,60,False,0,0.1,valset_early_stop,[0.1 2.  2. ],10.0,[0 1 2 3 4],2021-06-30-221756173348,predictions_beats,"[[152286   1216    205]
 [    94   1804     62]
 [  1262    905  17851]]",/data1/incart/files,0.9907551380223406,0.9911742882805478,0.984193300509434,0.9909646687792456,0.9383019383019341,0.9988399970269153,0.9204081632652591,0.45961783439489273,0.9870393032985167,0.6130841121050863,0.9877910490718084,0.6941073708361195,0.8917474273154118,0.9852632740920578,0.9861456584227448,0.9361757918527834,0.9982848002466799,0.9834486308179741
,categories,channels,supervisedMode,ecg_filters,ecg_poolinglayers,ecg_kernelsize,dense_units,aggreg_type,feature_fusion_with_rrs,feature_fusion_with_entropy,local_output_layer_name,LSE_r,l2_param,try_id,rrs_for_entropy_computing,rrs_for_estimating_normal_rr,initialize_with_SL,initialize_data_proportion,validation_split,stop_mode,class_sample_weights,relative_rr_scale_rate,used_db_ids,id,output_layer,conf_mat,dataset,N_Se,N_Ppr,N_Acc,N_F1,N_Sp,N_AUPRC,S_Se,S_Ppr,S_Acc,S_F1,S_Sp,S_AUPRC,V_Se,V_Ppr,V_Acc,V_F1,V_Sp,V_AUPRC
0,3,1,WSL,32,4,8,16,MGMP,True,True,predictions_beats,3,1e-10,8,60,60,False,0,0.1,valset_early_stop,[0.1 2.  2. ],10.0,[0 1 2 3 4],2021-06-30-221756173348,predictions_beats,"[[355458   3376   1523]
 [  5367   8183   2449]
 [  2308   1467  29415]]",total_db,0.986405148228007,0.9788644931746767,0.9692977101473336,0.9826203540668508,0.8439691801012404,0.9955181789724483,0.5114694668416744,0.6282051282051234,0.9690901632539444,0.5638587424139142,0.9876939730197407,0.5457439657243209,0.8862609219644444,0.8810315392218502,0.9810839319636864,0.8836384937241238,0.9894461626757641,0.9471281132895255
,categories,channels,supervisedMode,ecg_filters,ecg_poolinglayers,ecg_kernelsize,dense_units,aggreg_type,feature_fusion_with_rrs,feature_fusion_with_entropy,local_output_layer_name,LSE_r,l2_param,try_id,rrs_for_entropy_computing,rrs_for_estimating_normal_rr,initialize_with_SL,initialize_data_proportion,validation_split,stop_mode,class_sample_weights,relative_rr_scale_rate,used_db_ids,id,output_layer,conf_mat,dataset,N_Se,N_Ppr,N_Acc,N_F1,N_Sp,N_AUPRC,S_Se,S_Ppr,S_Acc,S_F1,S_Sp,S_AUPRC,V_Se,V_Ppr,V_Acc,V_F1,V_Sp,V_AUPRC
0,3,1,WSL,32,4,8,16,MGMP,True,True,predictions_beats,3,1e-10,9,60,60,False,0,0.1,valset_early_stop,[0.1 2.  2. ],10.0,[0 1 2 3 4],2021-06-30-223902319752,predictions_beats,"[[43379   632   258]
 [  154  1633    50]
 [  220    43  2960]]",/data1/mitdb,0.9798956380311257,0.9914520147189884,0.9743761276328305,0.9856399535979511,0.9260869565217208,0.9979125004223928,0.8889493739792657,0.7075389948006626,0.9821808672383364,0.7879372737744919,0.9857870799292491,0.7544065889817112,0.91839900713618,0.9057527539779404,0.9884246589227412,0.9120320443191008,0.9933197414653169,0.9754845212931783
,categories,channels,supervisedMode,ecg_filters,ecg_poolinglayers,ecg_kernelsize,dense_units,aggreg_type,feature_fusion_with_rrs,feature_fusion_with_entropy,local_output_layer_name,LSE_r,l2_param,try_id,rrs_for_entropy_computing,rrs_for_estimating_normal_rr,initialize_with_SL,initialize_data_proportion,validation_split,stop_mode,class_sample_weights,relative_rr_scale_rate,used_db_ids,id,output_layer,conf_mat,dataset,N_Se,N_Ppr,N_Acc,N_F1,N_Sp,N_AUPRC,S_Se,S_Ppr,S_Acc,S_F1,S_Sp,S_AUPRC,V_Se,V_Ppr,V_Acc,V_F1,V_Sp,V_AUPRC
0,3,1,WSL,32,4,8,16,MGMP,True,True,predictions_beats,3,1e-10,9,60,60,False,0,0.1,valset_early_stop,[0.1 2.  2. ],10.0,[0 1 2 3 4],2021-06-30-223902319752,predictions_beats,"[[160339   1216    826]
 [  5634   4616   1952]
 [  1122    721   8106]]",/data1/mit-bih-supraventricular-arrhythmia-database-1.0.0,0.9874246371188742,0.9595679104700914,0.9523226323889619,0.9732969927506993,0.6950024829578769,0.9905878049482719,0.37829863956728094,0.7044101938043537,0.9483937745214918,0.49224206873618903,0.9887599373295417,0.5773863492232401,0.8147552517840907,0.7447629547960241,0.9749582728198899,0.7781884509653095,0.9840877977809976,0.8784183205729346
,categories,channels,supervisedMode,ecg_filters,ecg_poolinglayers,ecg_kernelsize,dense_units,aggreg_type,feature_fusion_with_rrs,feature_fusion_with_entropy,local_output_layer_name,LSE_r,l2_param,try_id,rrs_for_entropy_computing,rrs_for_estimating_normal_rr,initialize_with_SL,initialize_data_proportion,validation_split,stop_mode,class_sample_weights,relative_rr_scale_rate,used_db_ids,id,output_layer,conf_mat,dataset,N_Se,N_Ppr,N_Acc,N_F1,N_Sp,N_AUPRC,S_Se,S_Ppr,S_Acc,S_F1,S_Sp,S_AUPRC,V_Se,V_Ppr,V_Acc,V_F1,V_Sp,V_AUPRC
0,3,1,WSL,32,4,8,16,MGMP,True,True,predictions_beats,3,1e-10,9,60,60,False,0,0.1,valset_early_stop,[0.1 2.  2. ],10.0,[0 1 2 3 4],2021-06-30-223902319752,predictions_beats,"[[152328   1222    157]
 [   158   1770     32]
 [  1529   1571  16918]]",/data1/incart/files,0.9910283851743896,0.9890465214427161,0.9825483108973442,0.9900364614314665,0.9232414232414191,0.9988917013661713,0.9030612244897498,0.3879026955949948,0.983020747360332,0.5426950789093481,0.9839228665995102,0.6372368820638288,0.8451393745628892,0.9889518910387504,0.9812789936534133,0.9114074073577099,0.9987858698375373,0.9870619344508491
,categories,channels,supervisedMode,ecg_filters,ecg_poolinglayers,ecg_kernelsize,dense_units,aggreg_type,feature_fusion_with_rrs,feature_fusion_with_entropy,local_output_layer_name,LSE_r,l2_param,try_id,rrs_for_entropy_computing,rrs_for_estimating_normal_rr,initialize_with_SL,initialize_data_proportion,validation_split,stop_mode,class_sample_weights,relative_rr_scale_rate,used_db_ids,id,output_layer,conf_mat,dataset,N_Se,N_Ppr,N_Acc,N_F1,N_Sp,N_AUPRC,S_Se,S_Ppr,S_Acc,S_F1,S_Sp,S_AUPRC,V_Se,V_Ppr,V_Acc,V_F1,V_Sp,V_AUPRC
0,3,1,WSL,32,4,8,16,MGMP,True,True,predictions_beats,3,1e-10,9,60,60,False,0,0.1,valset_early_stop,[0.1 2.  2. ],10.0,[0 1 2 3 4],2021-06-30-223902319752,predictions_beats,"[[356046   3070   1241]
 [  5946   8019   2034]
 [  2871   2335  27984]]",total_db,0.9880368634437513,0.9758347653776894,0.9679449927480671,0.9818979067920632,0.8207526072902461,0.99538328742672,0.5012188261766329,0.5973629320619741,0.9673174686115843,0.5450837779471844,0.9862659351996074,0.5254600888797103,0.8431455257607687,0.8952301737099687,0.9792917034960661,0.8684075780350397,0.9912981326191156,0.947849982931595
,categories,channels,supervisedMode,ecg_filters,ecg_poolinglayers,ecg_kernelsize,dense_units,aggreg_type,feature_fusion_with_rrs,feature_fusion_with_entropy,local_output_layer_name,LSE_r,l2_param,try_id,rrs_for_entropy_computing,rrs_for_estimating_normal_rr,initialize_with_SL,initialize_data_proportion,validation_split,stop_mode,class_sample_weights,relative_rr_scale_rate,used_db_ids,id,output_layer,conf_mat,dataset,N_Se,N_Ppr,N_Acc,N_F1,N_Sp,N_AUPRC,S_Se,S_Ppr,S_Acc,S_F1,S_Sp,S_AUPRC,V_Se,V_Ppr,V_Acc,V_F1,V_Sp,V_AUPRC
0,3,1,WSL,32,4,8,16,MGMP,True,True,predictions_beats,3,1e-10,10,60,60,False,0,0.1,valset_early_stop,[0.1 2.  2. ],10.0,[0 1 2 3 4],2021-06-30-230002680965,predictions_beats,"[[43232   727   310]
 [  148  1660    29]
 [  253    39  2931]]",/data1/mitdb,0.976575029930649,0.9908097082483418,0.9708487907721605,0.983640872740153,0.9207509881422743,0.9978696231554979,0.9036472509525909,0.6842539159109363,0.9808834559792394,0.77879427628214,0.9838709677419334,0.8184888386446721,0.9094011790257241,0.8963302752293304,0.9872083358673377,0.9028184197867221,0.9926473777816315,0.963491479033247
,categories,channels,supervisedMode,ecg_filters,ecg_poolinglayers,ecg_kernelsize,dense_units,aggreg_type,feature_fusion_with_rrs,feature_fusion_with_entropy,local_output_layer_name,LSE_r,l2_param,try_id,rrs_for_entropy_computing,rrs_for_estimating_normal_rr,initialize_with_SL,initialize_data_proportion,validation_split,stop_mode,class_sample_weights,relative_rr_scale_rate,used_db_ids,id,output_layer,conf_mat,dataset,N_Se,N_Ppr,N_Acc,N_F1,N_Sp,N_AUPRC,S_Se,S_Ppr,S_Acc,S_F1,S_Sp,S_AUPRC,V_Se,V_Ppr,V_Acc,V_F1,V_Sp,V_AUPRC
0,3,1,WSL,32,4,8,16,MGMP,True,True,predictions_beats,3,1e-10,10,60,60,False,0,0.1,valset_early_stop,[0.1 2.  2. ],10.0,[0 1 2 3 4],2021-06-30-230002680965,predictions_beats,"[[160060   1346    975]
 [  5364   5162   1676]
 [  1257    651   8041]]",/data1/mit-bih-supraventricular-arrhythmia-database-1.0.0,0.9857064558045578,0.9602774161422113,0.9515422799297678,0.9728257896188243,0.701097015936072,0.9880798317479549,0.42304540239304683,0.721050426037146,0.9510274640712717,0.5332369195339869,0.9884117681193055,0.5865992636630126,0.8082219318524394,0.7520576131687172,0.9752942579064873,0.7791289181226263,0.9848152454706353,0.8650491619202236
,categories,channels,supervisedMode,ecg_filters,ecg_poolinglayers,ecg_kernelsize,dense_units,aggreg_type,feature_fusion_with_rrs,feature_fusion_with_entropy,local_output_layer_name,LSE_r,l2_param,try_id,rrs_for_entropy_computing,rrs_for_estimating_normal_rr,initialize_with_SL,initialize_data_proportion,validation_split,stop_mode,class_sample_weights,relative_rr_scale_rate,used_db_ids,id,output_layer,conf_mat,dataset,N_Se,N_Ppr,N_Acc,N_F1,N_Sp,N_AUPRC,S_Se,S_Ppr,S_Acc,S_F1,S_Sp,S_AUPRC,V_Se,V_Ppr,V_Acc,V_F1,V_Sp,V_AUPRC
0,3,1,WSL,32,4,8,16,MGMP,True,True,predictions_beats,3,1e-10,10,60,60,False,0,0.1,valset_early_stop,[0.1 2.  2. ],10.0,[0 1 2 3 4],2021-06-30-230002680965,predictions_beats,"[[152312   1188    207]
 [   103   1796     61]
 [  1369   1182  17467]]",/data1/incart/files,0.9909242910212281,0.9904281329657176,0.9836810200073991,0.9906761498210526,0.9330239330239288,0.998217686123067,0.9163265306121982,0.4311089774363795,0.9855764578649282,0.5863532484056975,0.9863577493164479,0.6417580199290509,0.872564691777396,0.9848886382858699,0.9839542362751511,0.9253304372664177,0.9982783762775663,0.9809460101435201
,categories,channels,supervisedMode,ecg_filters,ecg_poolinglayers,ecg_kernelsize,dense_units,aggreg_type,feature_fusion_with_rrs,feature_fusion_with_entropy,local_output_layer_name,LSE_r,l2_param,try_id,rrs_for_entropy_computing,rrs_for_estimating_normal_rr,initialize_with_SL,initialize_data_proportion,validation_split,stop_mode,class_sample_weights,relative_rr_scale_rate,used_db_ids,id,output_layer,conf_mat,dataset,N_Se,N_Ppr,N_Acc,N_F1,N_Sp,N_AUPRC,S_Se,S_Ppr,S_Acc,S_F1,S_Sp,S_AUPRC,V_Se,V_Ppr,V_Acc,V_F1,V_Sp,V_AUPRC
0,3,1,WSL,32,4,8,16,MGMP,True,True,predictions_beats,3,1e-10,10,60,60,False,0,0.1,valset_early_stop,[0.1 2.  2. ],10.0,[0 1 2 3 4],2021-06-30-230002680965,predictions_beats,"[[355604   3261   1492]
 [  5615   8618   1766]
 [  2879   1872  28439]]",total_db,0.9868103020060659,0.9766711160182145,0.9676544270973221,0.9817145301830728,0.8273191160625326,0.9943817199314768,0.538658666166632,0.6267180568685868,0.9694442138367848,0.5793613444880966,0.9869570851766114,0.5592952564945537,0.856854474239226,0.8972142474051145,0.9804441991864159,0.8765700370915158,0.991343302617734,0.9395155465369956
,categories,channels,supervisedMode,ecg_filters,ecg_poolinglayers,ecg_kernelsize,dense_units,aggreg_type,feature_fusion_with_rrs,feature_fusion_with_entropy,local_output_layer_name,LSE_r,l2_param,try_id,rrs_for_entropy_computing,rrs_for_estimating_normal_rr,initialize_with_SL,initialize_data_proportion,validation_split,stop_mode,class_sample_weights,relative_rr_scale_rate,used_db_ids,id,output_layer,conf_mat,dataset,N_Se,N_Ppr,N_Acc,N_F1,N_Sp,N_AUPRC,S_Se,S_Ppr,S_Acc,S_F1,S_Sp,S_AUPRC,V_Se,V_Ppr,V_Acc,V_F1,V_Sp,V_AUPRC
0,3,1,WSL,32,4,8,16,MGMP,True,True,predictions_beats,3,1e-10,11,60,60,False,0,0.1,valset_early_stop,[0.1 2.  2. ],10.0,[0 1 2 3 4],2021-06-30-232055411899,predictions_beats,"[[43203   772   294]
 [  146  1660    31]
 [  312   207  2704]]",/data1/mitdb,0.9759199439788543,0.9895100890955292,0.9691053943927487,0.9826680313386047,0.9094861660078871,0.9972783363312041,0.9036472509525909,0.6290261462675018,0.9765655091325569,0.7417336907469251,0.9793860018529416,0.7262729757539831,0.8389699038162941,0.8927038626609147,0.9828903890206552,0.865003198926348,0.9929510258968443,0.9443227494075372
,categories,channels,supervisedMode,ecg_filters,ecg_poolinglayers,ecg_kernelsize,dense_units,aggreg_type,feature_fusion_with_rrs,feature_fusion_with_entropy,local_output_layer_name,LSE_r,l2_param,try_id,rrs_for_entropy_computing,rrs_for_estimating_normal_rr,initialize_with_SL,initialize_data_proportion,validation_split,stop_mode,class_sample_weights,relative_rr_scale_rate,used_db_ids,id,output_layer,conf_mat,dataset,N_Se,N_Ppr,N_Acc,N_F1,N_Sp,N_AUPRC,S_Se,S_Ppr,S_Acc,S_F1,S_Sp,S_AUPRC,V_Se,V_Ppr,V_Acc,V_F1,V_Sp,V_AUPRC
0,3,1,WSL,32,4,8,16,MGMP,True,True,predictions_beats,3,1e-10,11,60,60,False,0,0.1,valset_early_stop,[0.1 2.  2. ],10.0,[0 1 2 3 4],2021-06-30-232055411899,predictions_beats,"[[159381   1478   1522]
 [  5373   4838   1991]
 [  1389   1142   7418]]",/data1/mit-bih-supraventricular-arrhythmia-database-1.0.0,0.981524932104125,0.9593001209801191,0.9470986062038016,0.9702852759115796,0.6947316148255127,0.9908186804011208,0.3964923782986363,0.6486993832126489,0.9458955628292107,0.49216683616857265,0.9847966111530199,0.5625505129610404,0.7456025731229194,0.6786204372884395,0.9672468731710485,0.7105363984175367,0.9798777658764022,0.8058920966924121
,categories,channels,supervisedMode,ecg_filters,ecg_poolinglayers,ecg_kernelsize,dense_units,aggreg_type,feature_fusion_with_rrs,feature_fusion_with_entropy,local_output_layer_name,LSE_r,l2_param,try_id,rrs_for_entropy_computing,rrs_for_estimating_normal_rr,initialize_with_SL,initialize_data_proportion,validation_split,stop_mode,class_sample_weights,relative_rr_scale_rate,used_db_ids,id,output_layer,conf_mat,dataset,N_Se,N_Ppr,N_Acc,N_F1,N_Sp,N_AUPRC,S_Se,S_Ppr,S_Acc,S_F1,S_Sp,S_AUPRC,V_Se,V_Ppr,V_Acc,V_F1,V_Sp,V_AUPRC
0,3,1,WSL,32,4,8,16,MGMP,True,True,predictions_beats,3,1e-10,11,60,60,False,0,0.1,valset_early_stop,[0.1 2.  2. ],10.0,[0 1 2 3 4],2021-06-30-232055411899,predictions_beats,"[[151971   1084    652]
 [   159   1721     80]
 [  1895   1501  16622]]",/data1/incart/files,0.988705784381973,0.9866645025158248,0.9784272988587523,0.9876840887025504,0.9065429065429025,0.9975216291305096,0.8780612244897511,0.39967487227124016,0.9839257762472602,0.5493137567396278,0.9851201611742691,0.5546895767959018,0.8303526825856689,0.9578195228765648,0.9765034009733324,0.8895429732992807,0.9952976546088761,0.9533194861505588
,categories,channels,supervisedMode,ecg_filters,ecg_poolinglayers,ecg_kernelsize,dense_units,aggreg_type,feature_fusion_with_rrs,feature_fusion_with_entropy,local_output_layer_name,LSE_r,l2_param,try_id,rrs_for_entropy_computing,rrs_for_estimating_normal_rr,initialize_with_SL,initialize_data_proportion,validation_split,stop_mode,class_sample_weights,relative_rr_scale_rate,used_db_ids,id,output_layer,conf_mat,dataset,N_Se,N_Ppr,N_Acc,N_F1,N_Sp,N_AUPRC,S_Se,S_Ppr,S_Acc,S_F1,S_Sp,S_AUPRC,V_Se,V_Ppr,V_Acc,V_F1,V_Sp,V_AUPRC
0,3,1,WSL,32,4,8,16,MGMP,True,True,predictions_beats,3,1e-10,11,60,60,False,0,0.1,valset_early_stop,[0.1 2.  2. ],10.0,[0 1 2 3 4],2021-06-30-232055411899,predictions_beats,"[[354555   3334   2468]
 [  5678   8219   2102]
 [  3596   2850  26744]]",total_db,0.9838992998609709,0.9745100033257379,0.9631885062972166,0.979182143763883,0.8114619122161442,0.9949030994343293,0.513719607475464,0.5706450045129448,0.9659037080083798,0.5406881125743036,0.9842865019934084,0.5076187773943994,0.8057848749623355,0.854058887398605,0.973101922616751,0.8292198932899877,0.9878572415478958,0.9000309232594335
,categories,channels,supervisedMode,ecg_filters,ecg_poolinglayers,ecg_kernelsize,dense_units,aggreg_type,feature_fusion_with_rrs,feature_fusion_with_entropy,local_output_layer_name,LSE_r,l2_param,try_id,rrs_for_entropy_computing,rrs_for_estimating_normal_rr,initialize_with_SL,initialize_data_proportion,validation_split,stop_mode,class_sample_weights,relative_rr_scale_rate,used_db_ids,id,output_layer,conf_mat,dataset,N_Se,N_Ppr,N_Acc,N_F1,N_Sp,N_AUPRC,S_Se,S_Ppr,S_Acc,S_F1,S_Sp,S_AUPRC,V_Se,V_Ppr,V_Acc,V_F1,V_Sp,V_AUPRC
0,3,1,WSL,32,4,8,16,MGMP,True,True,predictions_beats,3,1e-10,12,60,60,False,0,0.1,valset_early_stop,[0.1 2.  2. ],10.0,[0 1 2 3 4],2021-06-30-234203711471,predictions_beats,"[[40158   975  3136]
 [ 1720    63    54]
 [  449     1  2773]]",/data1/mitdb,0.9071359190404099,0.9487561131192833,0.872691520201097,0.9274793292492978,0.5713438735177753,0.9657396523653364,0.03429504627109231,0.06063522617901245,0.9442518599606703,0.04381084835440272,0.9794491703865893,0.11559372730369592,0.8603785293204821,0.46503437866844766,0.9262097346388515,0.6037448290421775,0.9308116080336595,0.3820239703820977
,categories,channels,supervisedMode,ecg_filters,ecg_poolinglayers,ecg_kernelsize,dense_units,aggreg_type,feature_fusion_with_rrs,feature_fusion_with_entropy,local_output_layer_name,LSE_r,l2_param,try_id,rrs_for_entropy_computing,rrs_for_estimating_normal_rr,initialize_with_SL,initialize_data_proportion,validation_split,stop_mode,class_sample_weights,relative_rr_scale_rate,used_db_ids,id,output_layer,conf_mat,dataset,N_Se,N_Ppr,N_Acc,N_F1,N_Sp,N_AUPRC,S_Se,S_Ppr,S_Acc,S_F1,S_Sp,S_AUPRC,V_Se,V_Ppr,V_Acc,V_F1,V_Sp,V_AUPRC
0,3,1,WSL,32,4,8,16,MGMP,True,True,predictions_beats,3,1e-10,12,60,60,False,0,0.1,valset_early_stop,[0.1 2.  2. ],10.0,[0 1 2 3 4],2021-06-30-234203711471,predictions_beats,"[[146840   6290   9251]
 [ 10703    105   1394]
 [  2219     28   7702]]",/data1/mit-bih-supraventricular-arrhythmia-database-1.0.0,0.9042929899434042,0.9191171868153873,0.8457557496802719,0.9116448284888814,0.4166403322649072,0.9184433373967421,0.008605146697262674,0.0163475011676784,0.900207010166258,0.01127516774004852,0.9633377821621303,0.05373116337314905,0.7741481555935192,0.41979615195944614,0.9301367784449305,0.5443878993041318,0.9390261365654154,0.4491721077700971
,categories,channels,supervisedMode,ecg_filters,ecg_poolinglayers,ecg_kernelsize,dense_units,aggreg_type,feature_fusion_with_rrs,feature_fusion_with_entropy,local_output_layer_name,LSE_r,l2_param,try_id,rrs_for_entropy_computing,rrs_for_estimating_normal_rr,initialize_with_SL,initialize_data_proportion,validation_split,stop_mode,class_sample_weights,relative_rr_scale_rate,used_db_ids,id,output_layer,conf_mat,dataset,N_Se,N_Ppr,N_Acc,N_F1,N_Sp,N_AUPRC,S_Se,S_Ppr,S_Acc,S_F1,S_Sp,S_AUPRC,V_Se,V_Ppr,V_Acc,V_F1,V_Sp,V_AUPRC
0,3,1,WSL,32,4,8,16,MGMP,True,True,predictions_beats,3,1e-10,12,60,60,False,0,0.1,valset_early_stop,[0.1 2.  2. ],10.0,[0 1 2 3 4],2021-06-30-234203711471,predictions_beats,"[[133315   2886  17506]
 [  1872     20     68]
 [  4732     81  15205]]",/data1/incart/files,0.8673320017956236,0.9528012635882183,0.8463386174118447,0.9080599129005978,0.6995176995176964,0.9550009993847167,0.01020408163265254,0.006695681285570582,0.9720693286279416,0.008085708462362779,0.9829212836379331,0.00829866275591048,0.7595663902487724,0.46386405930626173,0.8725730711216093,0.5759796957689689,0.8871051667983575,0.4094635116271326
,categories,channels,supervisedMode,ecg_filters,ecg_poolinglayers,ecg_kernelsize,dense_units,aggreg_type,feature_fusion_with_rrs,feature_fusion_with_entropy,local_output_layer_name,LSE_r,l2_param,try_id,rrs_for_entropy_computing,rrs_for_estimating_normal_rr,initialize_with_SL,initialize_data_proportion,validation_split,stop_mode,class_sample_weights,relative_rr_scale_rate,used_db_ids,id,output_layer,conf_mat,dataset,N_Se,N_Ppr,N_Acc,N_F1,N_Sp,N_AUPRC,S_Se,S_Ppr,S_Acc,S_F1,S_Sp,S_AUPRC,V_Se,V_Ppr,V_Acc,V_F1,V_Sp,V_AUPRC
0,3,1,WSL,32,4,8,16,MGMP,True,True,predictions_beats,3,1e-10,12,60,60,False,0,0.1,valset_early_stop,[0.1 2.  2. ],10.0,[0 1 2 3 4],2021-06-30-234203711471,predictions_beats,"[[320313  10151  29893]
 [ 14295    188   1516]
 [  7400    110  25680]]",total_db,0.8888768637767545,0.9365658113260505,0.8492501452828252,0.91209841032071,0.5589461058366696,0.942715581847912,0.011750734420901233,0.01799215235907725,0.9363392634771183,0.014216575874766687,0.9739268753160356,0.04081054467494688,0.7737270262127123,0.44982395908143347,0.904970381837449,0.5689030671119781,0.9165444419645227,0.41143347560427557
,categories,channels,supervisedMode,ecg_filters,ecg_poolinglayers,ecg_kernelsize,dense_units,aggreg_type,feature_fusion_with_rrs,feature_fusion_with_entropy,local_output_layer_name,LSE_r,l2_param,try_id,rrs_for_entropy_computing,rrs_for_estimating_normal_rr,initialize_with_SL,initialize_data_proportion,validation_split,stop_mode,class_sample_weights,relative_rr_scale_rate,used_db_ids,id,output_layer,conf_mat,dataset,N_Se,N_Ppr,N_Acc,N_F1,N_Sp,N_AUPRC,S_Se,S_Ppr,S_Acc,S_F1,S_Sp,S_AUPRC,V_Se,V_Ppr,V_Acc,V_F1,V_Sp,V_AUPRC
0,3,1,WSL,32,4,8,16,MGMP,True,True,predictions_beats,3,1e-10,13,60,60,False,0,0.1,valset_early_stop,[0.1 2.  2. ],10.0,[0 1 2 3 4],2021-07-01-001331304206,predictions_beats,"[[43069   692   508]
 [  125  1621    91]
 [  120    30  3073]]",/data1/mitdb,0.9728929950981478,0.9943436302350256,0.9707068864156967,0.9835013643700394,0.9515810276679654,0.998239264295613,0.8824169842133434,0.6918480580452117,0.9809848162338564,0.7755980860750975,0.9847974395687674,0.7363780800941631,0.9534595097734734,0.8368736383442038,0.9848162338583775,0.8913705583258207,0.9870081984991086,0.9741806246031003
,categories,channels,supervisedMode,ecg_filters,ecg_poolinglayers,ecg_kernelsize,dense_units,aggreg_type,feature_fusion_with_rrs,feature_fusion_with_entropy,local_output_layer_name,LSE_r,l2_param,try_id,rrs_for_entropy_computing,rrs_for_estimating_normal_rr,initialize_with_SL,initialize_data_proportion,validation_split,stop_mode,class_sample_weights,relative_rr_scale_rate,used_db_ids,id,output_layer,conf_mat,dataset,N_Se,N_Ppr,N_Acc,N_F1,N_Sp,N_AUPRC,S_Se,S_Ppr,S_Acc,S_F1,S_Sp,S_AUPRC,V_Se,V_Ppr,V_Acc,V_F1,V_Sp,V_AUPRC
0,3,1,WSL,32,4,8,16,MGMP,True,True,predictions_beats,3,1e-10,13,60,60,False,0,0.1,valset_early_stop,[0.1 2.  2. ],10.0,[0 1 2 3 4],2021-07-01-001331304206,predictions_beats,"[[158319   1668   2394]
 [  4505   5076   2621]
 [   751    644   8554]]",/data1/mit-bih-supraventricular-arrhythmia-database-1.0.0,0.9749847580689853,0.96786795048143,0.9495046929529833,0.971413319539147,0.7627195160489335,0.9922529621835015,0.4159973774790984,0.6870600974553237,0.9488543992369882,0.5182235834139636,0.9865838797655656,0.5733503185064932,0.8597849030053185,0.6304075466135999,0.9652634773372636,0.7274428097139134,0.9712744081611607,0.8675549238621969
,categories,channels,supervisedMode,ecg_filters,ecg_poolinglayers,ecg_kernelsize,dense_units,aggreg_type,feature_fusion_with_rrs,feature_fusion_with_entropy,local_output_layer_name,LSE_r,l2_param,try_id,rrs_for_entropy_computing,rrs_for_estimating_normal_rr,initialize_with_SL,initialize_data_proportion,validation_split,stop_mode,class_sample_weights,relative_rr_scale_rate,used_db_ids,id,output_layer,conf_mat,dataset,N_Se,N_Ppr,N_Acc,N_F1,N_Sp,N_AUPRC,S_Se,S_Ppr,S_Acc,S_F1,S_Sp,S_AUPRC,V_Se,V_Ppr,V_Acc,V_F1,V_Sp,V_AUPRC
0,3,1,WSL,32,4,8,16,MGMP,True,True,predictions_beats,3,1e-10,13,60,60,False,0,0.1,valset_early_stop,[0.1 2.  2. ],10.0,[0 1 2 3 4],2021-07-01-001331304206,predictions_beats,"[[152074   1233    400]
 [    90   1778     92]
 [  1146    765  18107]]",/data1/incart/files,0.9893758904929503,0.9919379035940246,0.9836696359962428,0.9906552405392827,0.9437619437619396,0.9988294803946673,0.9071428571428108,0.4708686440677841,0.9875914278395987,0.6199442119494112,0.9884990646136129,0.6884365780164754,0.9045359176740889,0.9735469648905803,0.9863221105956679,0.9377735193845087,0.9968394071961296,0.9859303246106734
,categories,channels,supervisedMode,ecg_filters,ecg_poolinglayers,ecg_kernelsize,dense_units,aggreg_type,feature_fusion_with_rrs,feature_fusion_with_entropy,local_output_layer_name,LSE_r,l2_param,try_id,rrs_for_entropy_computing,rrs_for_estimating_normal_rr,initialize_with_SL,initialize_data_proportion,validation_split,stop_mode,class_sample_weights,relative_rr_scale_rate,used_db_ids,id,output_layer,conf_mat,dataset,N_Se,N_Ppr,N_Acc,N_F1,N_Sp,N_AUPRC,S_Se,S_Ppr,S_Acc,S_F1,S_Sp,S_AUPRC,V_Se,V_Ppr,V_Acc,V_F1,V_Sp,V_AUPRC
0,3,1,WSL,32,4,8,16,MGMP,True,True,predictions_beats,3,1e-10,13,60,60,False,0,0.1,valset_early_stop,[0.1 2.  2. ],10.0,[0 1 2 3 4],2021-07-01-001331304206,predictions_beats,"[[353462   3593   3302]
 [  4720   8475   2804]
 [  2017   1439  29734]]",total_db,0.9808661965772828,0.9812964500179064,0.9667143617566766,0.9810812760756583,0.8630384842139485,0.9963346633227945,0.5297206075379678,0.6274524320722542,0.969341661254169,0.574459431930289,0.9872137254254254,0.5591995058597385,0.8958722506779123,0.829631696428569,0.9766521953577861,0.861480515667875,0.9837759993197926,0.9467540462348809
,categories,channels,supervisedMode,ecg_filters,ecg_poolinglayers,ecg_kernelsize,dense_units,aggreg_type,feature_fusion_with_rrs,feature_fusion_with_entropy,local_output_layer_name,LSE_r,l2_param,try_id,rrs_for_entropy_computing,rrs_for_estimating_normal_rr,initialize_with_SL,initialize_data_proportion,validation_split,stop_mode,class_sample_weights,relative_rr_scale_rate,used_db_ids,id,output_layer,conf_mat,dataset,N_Se,N_Ppr,N_Acc,N_F1,N_Sp,N_AUPRC,S_Se,S_Ppr,S_Acc,S_F1,S_Sp,S_AUPRC,V_Se,V_Ppr,V_Acc,V_F1,V_Sp,V_AUPRC
0,3,1,WSL,32,4,8,16,MGMP,True,True,predictions_beats,3,1e-10,14,60,60,False,0,0.1,valset_early_stop,[0.1 2.  2. ],10.0,[0 1 2 3 4],2021-07-01-003417760405,predictions_beats,"[[40469   733  3067]
 [ 1820    10     7]
 [ 1360     0  1863]]",/data1/mitdb,0.9141611511441394,0.927146097275995,0.8585010845547226,0.9206078390728194,0.3715415019762772,0.9534412069075499,0.00544365813826862,0.01345895020188244,0.9481035496361148,0.007751937943485636,0.9845658216120589,0.0861931721707575,0.5780328886130754,0.37735466882721536,0.9101137262056783,0.45661764701101837,0.9333275495597082,0.2627059356980189
,categories,channels,supervisedMode,ecg_filters,ecg_poolinglayers,ecg_kernelsize,dense_units,aggreg_type,feature_fusion_with_rrs,feature_fusion_with_entropy,local_output_layer_name,LSE_r,l2_param,try_id,rrs_for_entropy_computing,rrs_for_estimating_normal_rr,initialize_with_SL,initialize_data_proportion,validation_split,stop_mode,class_sample_weights,relative_rr_scale_rate,used_db_ids,id,output_layer,conf_mat,dataset,N_Se,N_Ppr,N_Acc,N_F1,N_Sp,N_AUPRC,S_Se,S_Ppr,S_Acc,S_F1,S_Sp,S_AUPRC,V_Se,V_Ppr,V_Acc,V_F1,V_Sp,V_AUPRC
0,3,1,WSL,32,4,8,16,MGMP,True,True,predictions_beats,3,1e-10,14,60,60,False,0,0.1,valset_early_stop,[0.1 2.  2. ],10.0,[0 1 2 3 4],2021-07-01-003417760405,predictions_beats,"[[147695   5329   9357]
 [ 11623     81    498]
 [  3993      8   5948]]",/data1/mit-bih-supraventricular-arrhythmia-database-1.0.0,0.9095583842937285,0.9043787619939865,0.8357899984826476,0.9069611779955153,0.29502054083336965,0.9168549888371936,0.006638256023602633,0.014950166112956534,0.9053931025513186,0.009194097573756863,0.9690303487494918,0.061950576829307234,0.5978490300532657,0.37638423084224276,0.9249127522597702,0.4619447032765939,0.943551204871035,0.2937102866837232
,categories,channels,supervisedMode,ecg_filters,ecg_poolinglayers,ecg_kernelsize,dense_units,aggreg_type,feature_fusion_with_rrs,feature_fusion_with_entropy,local_output_layer_name,LSE_r,l2_param,try_id,rrs_for_entropy_computing,rrs_for_estimating_normal_rr,initialize_with_SL,initialize_data_proportion,validation_split,stop_mode,class_sample_weights,relative_rr_scale_rate,used_db_ids,id,output_layer,conf_mat,dataset,N_Se,N_Ppr,N_Acc,N_F1,N_Sp,N_AUPRC,S_Se,S_Ppr,S_Acc,S_F1,S_Sp,S_AUPRC,V_Se,V_Ppr,V_Acc,V_F1,V_Sp,V_AUPRC
0,3,1,WSL,32,4,8,16,MGMP,True,True,predictions_beats,3,1e-10,14,60,60,False,0,0.1,valset_early_stop,[0.1 2.  2. ],10.0,[0 1 2 3 4],2021-07-01-003417760405,predictions_beats,"[[133488   2931  17288]
 [  1938     18      4]
 [ 10343    131   9544]]",/data1/incart/files,0.8684575198266827,0.9157502624014703,0.815009818709622,0.8914771133080333,0.44121394121393925,0.9259051176481452,0.009183673469387286,0.005844155844155654,0.9715172040868595,0.007142857095325995,0.9823744423658075,0.007543107000398924,0.4767709061844317,0.35564167536145347,0.8419557731166573,0.40739317876183095,0.8889167260883805,0.2746321453264591
,categories,channels,supervisedMode,ecg_filters,ecg_poolinglayers,ecg_kernelsize,dense_units,aggreg_type,feature_fusion_with_rrs,feature_fusion_with_entropy,local_output_layer_name,LSE_r,l2_param,try_id,rrs_for_entropy_computing,rrs_for_estimating_normal_rr,initialize_with_SL,initialize_data_proportion,validation_split,stop_mode,class_sample_weights,relative_rr_scale_rate,used_db_ids,id,output_layer,conf_mat,dataset,N_Se,N_Ppr,N_Acc,N_F1,N_Sp,N_AUPRC,S_Se,S_Ppr,S_Acc,S_F1,S_Sp,S_AUPRC,V_Se,V_Ppr,V_Acc,V_F1,V_Sp,V_AUPRC
0,3,1,WSL,32,4,8,16,MGMP,True,True,predictions_beats,3,1e-10,14,60,60,False,0,0.1,valset_early_stop,[0.1 2.  2. ],10.0,[0 1 2 3 4],2021-07-01-003417760405,predictions_beats,"[[321652   8993  29712]
 [ 15381    109    509]
 [ 15696    139  17355]]",total_db,0.8925926234262131,0.911895534532176,0.8296113257118856,0.9021408356977273,0.3682124052125468,0.9263072216117322,0.0068129258078629485,0.01179526025321922,0.938903078042515,0.008637083947245279,0.9767956559191149,0.04069705639027593,0.5228984633925865,0.3647847654279461,0.8875437679772233,0.42976004749634417,0.9197010277503213,0.26467240832513195
,categories,channels,supervisedMode,ecg_filters,ecg_poolinglayers,ecg_kernelsize,dense_units,aggreg_type,feature_fusion_with_rrs,feature_fusion_with_entropy,local_output_layer_name,LSE_r,l2_param,try_id,rrs_for_entropy_computing,rrs_for_estimating_normal_rr,initialize_with_SL,initialize_data_proportion,validation_split,stop_mode,class_sample_weights,relative_rr_scale_rate,used_db_ids,id,output_layer,conf_mat,dataset,N_Se,N_Ppr,N_Acc,N_F1,N_Sp,N_AUPRC,S_Se,S_Ppr,S_Acc,S_F1,S_Sp,S_AUPRC,V_Se,V_Ppr,V_Acc,V_F1,V_Sp,V_AUPRC
0,3,1,WSL,32,4,8,16,MGMP,True,True,predictions_beats,3,1e-10,15,60,60,False,0,0.1,valset_early_stop,[0.1 2.  2. ],10.0,[0 1 2 3 4],2021-07-01-005850434740,predictions_beats,"[[43425   558   286]
 [  184  1442   211]
 [  208    44  2971]]",/data1/mitdb,0.9809347398856966,0.9910537006184791,0.9749437450586855,0.9859682582430308,0.9225296442687565,0.9981757437763783,0.784975503538335,0.70547945205476,0.9797887652293762,0.7431074464845022,0.9873241809146782,0.6755099098912296,0.9218119764194563,0.8566897347173916,0.9848162338583775,0.8880585861105547,0.9892204919099444,0.9677239284847852
,categories,channels,supervisedMode,ecg_filters,ecg_poolinglayers,ecg_kernelsize,dense_units,aggreg_type,feature_fusion_with_rrs,feature_fusion_with_entropy,local_output_layer_name,LSE_r,l2_param,try_id,rrs_for_entropy_computing,rrs_for_estimating_normal_rr,initialize_with_SL,initialize_data_proportion,validation_split,stop_mode,class_sample_weights,relative_rr_scale_rate,used_db_ids,id,output_layer,conf_mat,dataset,N_Se,N_Ppr,N_Acc,N_F1,N_Sp,N_AUPRC,S_Se,S_Ppr,S_Acc,S_F1,S_Sp,S_AUPRC,V_Se,V_Ppr,V_Acc,V_F1,V_Sp,V_AUPRC
0,3,1,WSL,32,4,8,16,MGMP,True,True,predictions_beats,3,1e-10,15,60,60,False,0,0.1,valset_early_stop,[0.1 2.  2. ],10.0,[0 1 2 3 4],2021-07-01-005850434740,predictions_beats,"[[160422   1077    882]
 [  6035   3684   2483]
 [  1115    696   8138]]",/data1/mit-bih-supraventricular-arrhythmia-database-1.0.0,0.9879357806639935,0.9573317738046924,0.9506372878416747,0.972393037746304,0.6772154755992927,0.9920119329091348,0.3019177184068161,0.6750962067069695,0.9442318947391234,0.41723766913447996,0.9897115998375206,0.5536071099732742,0.8179716554427499,0.7074676171433477,0.9719506643834127,0.758717135881637,0.9807255001918853,0.8692891224139246
,categories,channels,supervisedMode,ecg_filters,ecg_poolinglayers,ecg_kernelsize,dense_units,aggreg_type,feature_fusion_with_rrs,feature_fusion_with_entropy,local_output_layer_name,LSE_r,l2_param,try_id,rrs_for_entropy_computing,rrs_for_estimating_normal_rr,initialize_with_SL,initialize_data_proportion,validation_split,stop_mode,class_sample_weights,relative_rr_scale_rate,used_db_ids,id,output_layer,conf_mat,dataset,N_Se,N_Ppr,N_Acc,N_F1,N_Sp,N_AUPRC,S_Se,S_Ppr,S_Acc,S_F1,S_Sp,S_AUPRC,V_Se,V_Ppr,V_Acc,V_F1,V_Sp,V_AUPRC
0,3,1,WSL,32,4,8,16,MGMP,True,True,predictions_beats,3,1e-10,15,60,60,False,0,0.1,valset_early_stop,[0.1 2.  2. ],10.0,[0 1 2 3 4],2021-07-01-005850434740,predictions_beats,"[[152529   1054    124]
 [   161   1725     74]
 [  1406   1363  17249]]",/data1/incart/files,0.9923360679734815,0.9898310144325609,0.9843754446879353,0.9910819582155135,0.9287014287014246,0.9990982618553803,0.8801020408162816,0.4164654756156346,0.9849048012067046,0.5653883972031792,0.9860872067923437,0.631576404929228,0.861674492956335,0.9886513440706083,0.9831118194495826,0.9208060856301986,0.9987280541155152,0.9854270678592039
,categories,channels,supervisedMode,ecg_filters,ecg_poolinglayers,ecg_kernelsize,dense_units,aggreg_type,feature_fusion_with_rrs,feature_fusion_with_entropy,local_output_layer_name,LSE_r,l2_param,try_id,rrs_for_entropy_computing,rrs_for_estimating_normal_rr,initialize_with_SL,initialize_data_proportion,validation_split,stop_mode,class_sample_weights,relative_rr_scale_rate,used_db_ids,id,output_layer,conf_mat,dataset,N_Se,N_Ppr,N_Acc,N_F1,N_Sp,N_AUPRC,S_Se,S_Ppr,S_Acc,S_F1,S_Sp,S_AUPRC,V_Se,V_Ppr,V_Acc,V_F1,V_Sp,V_AUPRC
0,3,1,WSL,32,4,8,16,MGMP,True,True,predictions_beats,3,1e-10,15,60,60,False,0,0.1,valset_early_stop,[0.1 2.  2. ],10.0,[0 1 2 3 4],2021-07-01-005850434740,predictions_beats,"[[356376   2689   1292]
 [  6380   6851   2768]
 [  2729   2103  28358]]",total_db,0.9889526219831997,0.9750769525425117,0.9680377784180529,0.9819657721152943,0.814816320722111,0.9963461481006173,0.4282142633914593,0.5884222279481183,0.9659623094841603,0.4956949569008075,0.9878235636404289,0.5028136301458236,0.8544139801144897,0.8747609352828649,0.9782881532233251,0.8644677477856341,0.9892123415064458,0.9421175158096096
,categories,channels,supervisedMode,ecg_filters,ecg_poolinglayers,ecg_kernelsize,dense_units,aggreg_type,feature_fusion_with_rrs,feature_fusion_with_entropy,local_output_layer_name,LSE_r,l2_param,try_id,rrs_for_entropy_computing,rrs_for_estimating_normal_rr,initialize_with_SL,initialize_data_proportion,validation_split,stop_mode,class_sample_weights,relative_rr_scale_rate,used_db_ids,id,output_layer,conf_mat,dataset,N_Se,N_Ppr,N_Acc,N_F1,N_Sp,N_AUPRC,S_Se,S_Ppr,S_Acc,S_F1,S_Sp,S_AUPRC,V_Se,V_Ppr,V_Acc,V_F1,V_Sp,V_AUPRC
0,3,1,WSL,32,4,8,16,MGMP,True,True,predictions_beats,3,1e-10,16,60,60,False,0,0.1,valset_early_stop,[0.1 2.  2. ],10.0,[0 1 2 3 4],2021-07-01-011941944877,predictions_beats,"[[43441   480   348]
 [  184  1537   116]
 [  107    24  3092]]",/data1/mitdb,0.9812961666177212,0.9933458337144402,0.9773155750167224,0.9872842353564154,0.9424901185770564,0.9983880629704286,0.8366902558518869,0.7530622243997671,0.9837012710575909,0.7926766373920779,0.9893876863471721,0.7260734729365745,0.9593546385354961,0.8695163104611678,0.9879381297005798,0.91222894227197,0.9899362338958031,0.9784916435146294
,categories,channels,supervisedMode,ecg_filters,ecg_poolinglayers,ecg_kernelsize,dense_units,aggreg_type,feature_fusion_with_rrs,feature_fusion_with_entropy,local_output_layer_name,LSE_r,l2_param,try_id,rrs_for_entropy_computing,rrs_for_estimating_normal_rr,initialize_with_SL,initialize_data_proportion,validation_split,stop_mode,class_sample_weights,relative_rr_scale_rate,used_db_ids,id,output_layer,conf_mat,dataset,N_Se,N_Ppr,N_Acc,N_F1,N_Sp,N_AUPRC,S_Se,S_Ppr,S_Acc,S_F1,S_Sp,S_AUPRC,V_Se,V_Ppr,V_Acc,V_F1,V_Sp,V_AUPRC
0,3,1,WSL,32,4,8,16,MGMP,True,True,predictions_beats,3,1e-10,16,60,60,False,0,0.1,valset_early_stop,[0.1 2.  2. ],10.0,[0 1 2 3 4],2021-07-01-011941944877,predictions_beats,"[[159690    888   1803]
 [  5370   3792   3040]
 [   913    322   8714]]",/data1/mit-bih-supraventricular-arrhythmia-database-1.0.0,0.9834278640974,0.9621444451808422,0.9513688682721692,0.972669740534862,0.7163559207259235,0.9932268402952242,0.31076872643828624,0.7580967612954667,0.9478681204343957,0.44082771444375574,0.9929785875935699,0.592232280600187,0.8758669212986142,0.6427675739470337,0.9670626232848498,0.7414277205331508,0.9722596129061817,0.8644834216804151
,categories,channels,supervisedMode,ecg_filters,ecg_poolinglayers,ecg_kernelsize,dense_units,aggreg_type,feature_fusion_with_rrs,feature_fusion_with_entropy,local_output_layer_name,LSE_r,l2_param,try_id,rrs_for_entropy_computing,rrs_for_estimating_normal_rr,initialize_with_SL,initialize_data_proportion,validation_split,stop_mode,class_sample_weights,relative_rr_scale_rate,used_db_ids,id,output_layer,conf_mat,dataset,N_Se,N_Ppr,N_Acc,N_F1,N_Sp,N_AUPRC,S_Se,S_Ppr,S_Acc,S_F1,S_Sp,S_AUPRC,V_Se,V_Ppr,V_Acc,V_F1,V_Sp,V_AUPRC
0,3,1,WSL,32,4,8,16,MGMP,True,True,predictions_beats,3,1e-10,16,60,60,False,0,0.1,valset_early_stop,[0.1 2.  2. ],10.0,[0 1 2 3 4],2021-07-01-011941944877,predictions_beats,"[[152575    860    272]
 [   125   1726    109]
 [  1434    464  18120]]",/data1/incart/files,0.9926353386638208,0.9898854243710012,0.9846828129891563,0.9912584742922735,0.9290654290654249,0.998606264809053,0.8806122448979142,0.5659016393442438,0.9911318553092177,0.6890219560401635,0.9923787595337453,0.70316357782843,0.9051853332001154,0.9794065185665588,0.9870279192873604,0.9408343933663089,0.9975524677677344,0.9848131164578066
,categories,channels,supervisedMode,ecg_filters,ecg_poolinglayers,ecg_kernelsize,dense_units,aggreg_type,feature_fusion_with_rrs,feature_fusion_with_entropy,local_output_layer_name,LSE_r,l2_param,try_id,rrs_for_entropy_computing,rrs_for_estimating_normal_rr,initialize_with_SL,initialize_data_proportion,validation_split,stop_mode,class_sample_weights,relative_rr_scale_rate,used_db_ids,id,output_layer,conf_mat,dataset,N_Se,N_Ppr,N_Acc,N_F1,N_Sp,N_AUPRC,S_Se,S_Ppr,S_Acc,S_F1,S_Sp,S_AUPRC,V_Se,V_Ppr,V_Acc,V_F1,V_Sp,V_AUPRC
0,3,1,WSL,32,4,8,16,MGMP,True,True,predictions_beats,3,1e-10,16,60,60,False,0,0.1,valset_early_stop,[0.1 2.  2. ],10.0,[0 1 2 3 4],2021-07-01-011941944877,predictions_beats,"[[355706   2228   2423]
 [  5679   7055   3265]
 [  2454    810  29926]]",total_db,0.9870933546455317,0.9776467063728734,0.9687849472342542,0.9823473202886936,0.8346581552786174,0.9966117919134028,0.44096506031626703,0.698999306450008,0.9707432132165859,0.5407787827212223,0.9922804645950798,0.5654994452456403,0.9016571256402504,0.8402875273768718,0.9781416495338738,0.8698912853404437,0.9848866498740552,0.9457941290047929
,categories,channels,supervisedMode,ecg_filters,ecg_poolinglayers,ecg_kernelsize,dense_units,aggreg_type,feature_fusion_with_rrs,feature_fusion_with_entropy,local_output_layer_name,LSE_r,l2_param,try_id,rrs_for_entropy_computing,rrs_for_estimating_normal_rr,initialize_with_SL,initialize_data_proportion,validation_split,stop_mode,class_sample_weights,relative_rr_scale_rate,used_db_ids,id,output_layer,conf_mat,dataset,N_Se,N_Ppr,N_Acc,N_F1,N_Sp,N_AUPRC,S_Se,S_Ppr,S_Acc,S_F1,S_Sp,S_AUPRC,V_Se,V_Ppr,V_Acc,V_F1,V_Sp,V_AUPRC
0,3,1,WSL,32,4,8,16,MGMP,True,True,predictions_beats,3,1e-10,17,60,60,False,0,0.1,valset_early_stop,[0.1 2.  2. ],10.0,[0 1 2 3 4],2021-07-01-014041513230,predictions_beats,"[[43423   562   284]
 [  153  1622    62]
 [  148    40  3035]]",/data1/mitdb,0.9808895615441935,0.9931159088829911,0.9767479575908674,0.9869648721557432,0.9405138339920762,0.9982168145461285,0.8829613500271702,0.7293165467625571,0.9834377343955868,0.798818025067381,0.9873241809146782,0.7815389272912524,0.9416692522494278,0.8976634131913369,0.9891747248069067,0.919139915152908,0.9924955537240251,0.9805337265019578
,categories,channels,supervisedMode,ecg_filters,ecg_poolinglayers,ecg_kernelsize,dense_units,aggreg_type,feature_fusion_with_rrs,feature_fusion_with_entropy,local_output_layer_name,LSE_r,l2_param,try_id,rrs_for_entropy_computing,rrs_for_estimating_normal_rr,initialize_with_SL,initialize_data_proportion,validation_split,stop_mode,class_sample_weights,relative_rr_scale_rate,used_db_ids,id,output_layer,conf_mat,dataset,N_Se,N_Ppr,N_Acc,N_F1,N_Sp,N_AUPRC,S_Se,S_Ppr,S_Acc,S_F1,S_Sp,S_AUPRC,V_Se,V_Ppr,V_Acc,V_F1,V_Sp,V_AUPRC
0,3,1,WSL,32,4,8,16,MGMP,True,True,predictions_beats,3,1e-10,17,60,60,False,0,0.1,valset_early_stop,[0.1 2.  2. ],10.0,[0 1 2 3 4],2021-07-01-014041513230,predictions_beats,"[[159605   1297   1479]
 [  5151   4797   2254]
 [   985    739   8225]]",/data1/mit-bih-supraventricular-arrhythmia-database-1.0.0,0.9829044038403503,0.9629783819332568,0.9517048533587666,0.9728393706718703,0.722992189968847,0.9902034710536229,0.39313227339780044,0.7020342455729445,0.9488381418940883,0.5040189124835234,0.988185458132652,0.5587359063203097,0.8267162528897294,0.6878240508446171,0.9704278932651242,0.7509015382714983,0.9786176202723055,0.8579824538335246
,categories,channels,supervisedMode,ecg_filters,ecg_poolinglayers,ecg_kernelsize,dense_units,aggreg_type,feature_fusion_with_rrs,feature_fusion_with_entropy,local_output_layer_name,LSE_r,l2_param,try_id,rrs_for_entropy_computing,rrs_for_estimating_normal_rr,initialize_with_SL,initialize_data_proportion,validation_split,stop_mode,class_sample_weights,relative_rr_scale_rate,used_db_ids,id,output_layer,conf_mat,dataset,N_Se,N_Ppr,N_Acc,N_F1,N_Sp,N_AUPRC,S_Se,S_Ppr,S_Acc,S_F1,S_Sp,S_AUPRC,V_Se,V_Ppr,V_Acc,V_F1,V_Sp,V_AUPRC
0,3,1,WSL,32,4,8,16,MGMP,True,True,predictions_beats,3,1e-10,17,60,60,False,0,0.1,valset_early_stop,[0.1 2.  2. ],10.0,[0 1 2 3 4],2021-07-01-014041513230,predictions_beats,"[[152280   1191    236]
 [   113   1790     57]
 [  1304   1154  17560]]",/data1/incart/files,0.9907161027149051,0.9907805617546206,0.983811936135697,0.9907483311363211,0.9355264355264313,0.9989609377794036,0.9132653061224023,0.4328899637242942,0.9856846059709133,0.5873666939678326,0.9865016549143757,0.6712452754145357,0.8772105105405092,0.9835881924606454,0.9843412926544663,0.9273586648916706,0.9981177770497274,0.9830897848242308
,categories,channels,supervisedMode,ecg_filters,ecg_poolinglayers,ecg_kernelsize,dense_units,aggreg_type,feature_fusion_with_rrs,feature_fusion_with_entropy,local_output_layer_name,LSE_r,l2_param,try_id,rrs_for_entropy_computing,rrs_for_estimating_normal_rr,initialize_with_SL,initialize_data_proportion,validation_split,stop_mode,class_sample_weights,relative_rr_scale_rate,used_db_ids,id,output_layer,conf_mat,dataset,N_Se,N_Ppr,N_Acc,N_F1,N_Sp,N_AUPRC,S_Se,S_Ppr,S_Acc,S_F1,S_Sp,S_AUPRC,V_Se,V_Ppr,V_Acc,V_F1,V_Sp,V_AUPRC
0,3,1,WSL,32,4,8,16,MGMP,True,True,predictions_beats,3,1e-10,17,60,60,False,0,0.1,valset_early_stop,[0.1 2.  2. ],10.0,[0 1 2 3 4],2021-07-01-014041513230,predictions_beats,"[[355308   3050   1999]
 [  5417   8209   2373]
 [  2437   1933  28820]]",total_db,0.9859888943464394,0.9783732879541358,0.9684943815835093,0.9821663286849749,0.8403301551159795,0.9958113442683164,0.5130945684105225,0.6222710733778,0.968811806243987,0.5624336267532402,0.9873382340609886,0.5456957421463098,0.8683338354926156,0.8682815136177365,0.9786544124469532,0.8683076737169824,0.9883833391788622,0.9408932378176751
,categories,channels,supervisedMode,ecg_filters,ecg_poolinglayers,ecg_kernelsize,dense_units,aggreg_type,feature_fusion_with_rrs,feature_fusion_with_entropy,local_output_layer_name,LSE_r,l2_param,try_id,rrs_for_entropy_computing,rrs_for_estimating_normal_rr,initialize_with_SL,initialize_data_proportion,validation_split,stop_mode,class_sample_weights,relative_rr_scale_rate,used_db_ids,id,output_layer,conf_mat,dataset,N_Se,N_Ppr,N_Acc,N_F1,N_Sp,N_AUPRC,S_Se,S_Ppr,S_Acc,S_F1,S_Sp,S_AUPRC,V_Se,V_Ppr,V_Acc,V_F1,V_Sp,V_AUPRC
0,3,1,WSL,32,4,8,16,MGMP,True,True,predictions_beats,3,1e-10,18,60,60,False,0,0.1,valset_early_stop,[0.1 2.  2. ],10.0,[0 1 2 3 4],2021-07-01-020138357959,predictions_beats,"[[42979   653   637]
 [  128  1535   174]
 [  138    52  3033]]",/data1/mitdb,0.9708599697305089,0.9938489998843774,0.9684566887632001,0.9822199876091219,0.947430830039507,0.9980330876803833,0.8356015242242332,0.6852678571428266,0.9795860447201423,0.7530046602398801,0.9851553945927715,0.6837021259931887,0.9410487123797412,0.7890218522372323,0.9797076770256826,0.8583557378872515,0.9824100984687437,0.9616823327217944
,categories,channels,supervisedMode,ecg_filters,ecg_poolinglayers,ecg_kernelsize,dense_units,aggreg_type,feature_fusion_with_rrs,feature_fusion_with_entropy,local_output_layer_name,LSE_r,l2_param,try_id,rrs_for_entropy_computing,rrs_for_estimating_normal_rr,initialize_with_SL,initialize_data_proportion,validation_split,stop_mode,class_sample_weights,relative_rr_scale_rate,used_db_ids,id,output_layer,conf_mat,dataset,N_Se,N_Ppr,N_Acc,N_F1,N_Sp,N_AUPRC,S_Se,S_Ppr,S_Acc,S_F1,S_Sp,S_AUPRC,V_Se,V_Ppr,V_Acc,V_F1,V_Sp,V_AUPRC
0,3,1,WSL,32,4,8,16,MGMP,True,True,predictions_beats,3,1e-10,18,60,60,False,0,0.1,valset_early_stop,[0.1 2.  2. ],10.0,[0 1 2 3 4],2021-07-01-020138357959,predictions_beats,"[[159393   1300   1688]
 [  4749   4376   3077]
 [   830    710   8409]]",/data1/mit-bih-supraventricular-arrhythmia-database-1.0.0,0.9815988323757084,0.9661821399995145,0.9535744477922524,0.9738294745538706,0.7481377815899927,0.9925304783405087,0.35862973283068056,0.685248982148439,0.9466975917456046,0.4708414030106248,0.9883363314570877,0.5638468411689725,0.8452105739270194,0.6383027174738072,0.9658324843387592,0.7273277688390865,0.9727063918021795,0.850003806942381
,categories,channels,supervisedMode,ecg_filters,ecg_poolinglayers,ecg_kernelsize,dense_units,aggreg_type,feature_fusion_with_rrs,feature_fusion_with_entropy,local_output_layer_name,LSE_r,l2_param,try_id,rrs_for_entropy_computing,rrs_for_estimating_normal_rr,initialize_with_SL,initialize_data_proportion,validation_split,stop_mode,class_sample_weights,relative_rr_scale_rate,used_db_ids,id,output_layer,conf_mat,dataset,N_Se,N_Ppr,N_Acc,N_F1,N_Sp,N_AUPRC,S_Se,S_Ppr,S_Acc,S_F1,S_Sp,S_AUPRC,V_Se,V_Ppr,V_Acc,V_F1,V_Sp,V_AUPRC
0,3,1,WSL,32,4,8,16,MGMP,True,True,predictions_beats,3,1e-10,18,60,60,False,0,0.1,valset_early_stop,[0.1 2.  2. ],10.0,[0 1 2 3 4],2021-07-01-020138357959,predictions_beats,"[[152024   1204    479]
 [    92   1763    105]
 [  1231    997  17790]]",/data1/incart/files,0.9890505962643206,0.9913725081025381,0.9828898312320341,0.9902101909913146,0.9398034398034356,0.9985499303718334,0.8994897959183215,0.44475277497476173,0.9863505706235587,0.5952059418868293,0.9873305511584396,0.6620806276877457,0.8887001698471332,0.9682159573310061,0.9839940803141982,0.9267555740280199,0.9962484020376824,0.9731001105026467
,categories,channels,supervisedMode,ecg_filters,ecg_poolinglayers,ecg_kernelsize,dense_units,aggreg_type,feature_fusion_with_rrs,feature_fusion_with_entropy,local_output_layer_name,LSE_r,l2_param,try_id,rrs_for_entropy_computing,rrs_for_estimating_normal_rr,initialize_with_SL,initialize_data_proportion,validation_split,stop_mode,class_sample_weights,relative_rr_scale_rate,used_db_ids,id,output_layer,conf_mat,dataset,N_Se,N_Ppr,N_Acc,N_F1,N_Sp,N_AUPRC,S_Se,S_Ppr,S_Acc,S_F1,S_Sp,S_AUPRC,V_Se,V_Ppr,V_Acc,V_F1,V_Sp,V_AUPRC
0,3,1,WSL,32,4,8,16,MGMP,True,True,predictions_beats,3,1e-10,18,60,60,False,0,0.1,valset_early_stop,[0.1 2.  2. ],10.0,[0 1 2 3 4],2021-07-01-020138357959,predictions_beats,"[[354396   3157   2804]
 [  4969   7674   3356]
 [  2199   1759  29232]]",total_db,0.9834580707465094,0.9801750174243008,0.9679425510199096,0.981813799520867,0.8542763626013928,0.996136975404472,0.47965497843614924,0.6095313741064289,0.9676690774662673,0.536849837300737,0.9875084805626771,0.5253409161965708,0.8807472130159659,0.8259493670886052,0.9752945945022046,0.8524685777109776,0.9836325181477109,0.9296258757246074
,categories,channels,supervisedMode,ecg_filters,ecg_poolinglayers,ecg_kernelsize,dense_units,aggreg_type,feature_fusion_with_rrs,feature_fusion_with_entropy,local_output_layer_name,LSE_r,l2_param,try_id,rrs_for_entropy_computing,rrs_for_estimating_normal_rr,initialize_with_SL,initialize_data_proportion,validation_split,stop_mode,class_sample_weights,relative_rr_scale_rate,used_db_ids,id,output_layer,conf_mat,dataset,N_Se,N_Ppr,N_Acc,N_F1,N_Sp,N_AUPRC,S_Se,S_Ppr,S_Acc,S_F1,S_Sp,S_AUPRC,V_Se,V_Ppr,V_Acc,V_F1,V_Sp,V_AUPRC
0,3,1,WSL,32,4,8,16,MGMP,True,True,predictions_beats,3,1e-10,19,60,60,False,0,0.1,valset_early_stop,[0.1 2.  2. ],10.0,[0 1 2 3 4],2021-07-01-022244732446,predictions_beats,"[[43211   731   327]
 [  121  1643    73]
 [  163    26  3034]]",/data1/mitdb,0.9761006573448666,0.9934705138521646,0.972794907660806,0.9847089922475268,0.9438735177865426,0.9981391585633531,0.8943930321175343,0.6845833333333048,0.9807212795718523,0.7755487372649835,0.9840604733428767,0.7086068311852015,0.9413589823145845,0.8835177635410343,0.9880597620061201,0.9115217064244107,0.9913243395653473,0.9770448530663822
,categories,channels,supervisedMode,ecg_filters,ecg_poolinglayers,ecg_kernelsize,dense_units,aggreg_type,feature_fusion_with_rrs,feature_fusion_with_entropy,local_output_layer_name,LSE_r,l2_param,try_id,rrs_for_entropy_computing,rrs_for_estimating_normal_rr,initialize_with_SL,initialize_data_proportion,validation_split,stop_mode,class_sample_weights,relative_rr_scale_rate,used_db_ids,id,output_layer,conf_mat,dataset,N_Se,N_Ppr,N_Acc,N_F1,N_Sp,N_AUPRC,S_Se,S_Ppr,S_Acc,S_F1,S_Sp,S_AUPRC,V_Se,V_Ppr,V_Acc,V_F1,V_Sp,V_AUPRC
0,3,1,WSL,32,4,8,16,MGMP,True,True,predictions_beats,3,1e-10,19,60,60,False,0,0.1,valset_early_stop,[0.1 2.  2. ],10.0,[0 1 2 3 4],2021-07-01-022244732446,predictions_beats,"[[159631   1357   1393]
 [  4794   5111   2297]
 [   894    683   8372]]",/data1/mit-bih-supraventricular-arrhythmia-database-1.0.0,0.9830645210954478,0.9655937913972376,0.9542735135369471,0.9742508391321822,0.7432170105187091,0.9914202988054264,0.4188657597115193,0.7147252132568771,0.9505180673270757,0.5281868443702867,0.9881622468519695,0.6023021492667983,0.8414916071966947,0.69408058365113,0.9714575249821165,0.760710553764456,0.9788639214585607,0.8813814370831307
,categories,channels,supervisedMode,ecg_filters,ecg_poolinglayers,ecg_kernelsize,dense_units,aggreg_type,feature_fusion_with_rrs,feature_fusion_with_entropy,local_output_layer_name,LSE_r,l2_param,try_id,rrs_for_entropy_computing,rrs_for_estimating_normal_rr,initialize_with_SL,initialize_data_proportion,validation_split,stop_mode,class_sample_weights,relative_rr_scale_rate,used_db_ids,id,output_layer,conf_mat,dataset,N_Se,N_Ppr,N_Acc,N_F1,N_Sp,N_AUPRC,S_Se,S_Ppr,S_Acc,S_F1,S_Sp,S_AUPRC,V_Se,V_Ppr,V_Acc,V_F1,V_Sp,V_AUPRC
0,3,1,WSL,32,4,8,16,MGMP,True,True,predictions_beats,3,1e-10,19,60,60,False,0,0.1,valset_early_stop,[0.1 2.  2. ],10.0,[0 1 2 3 4],2021-07-01-022244732446,predictions_beats,"[[152160   1082    465]
 [    80   1813     67]
 [  1272   1018  17728]]",/data1/incart/files,0.9899353965661936,0.9911928709156281,0.9834988758288978,0.9905637346148477,0.9384839384839343,0.9987508268488888,0.9249999999999527,0.46332737030410265,0.9872100634658617,0.6174016686086666,0.9879119297740677,0.7258742735058944,0.8856029573383911,0.970865279299009,0.9839371602584166,0.9262761899286784,0.9965824484315874,0.9789210914589694
,categories,channels,supervisedMode,ecg_filters,ecg_poolinglayers,ecg_kernelsize,dense_units,aggreg_type,feature_fusion_with_rrs,feature_fusion_with_entropy,local_output_layer_name,LSE_r,l2_param,try_id,rrs_for_entropy_computing,rrs_for_estimating_normal_rr,initialize_with_SL,initialize_data_proportion,validation_split,stop_mode,class_sample_weights,relative_rr_scale_rate,used_db_ids,id,output_layer,conf_mat,dataset,N_Se,N_Ppr,N_Acc,N_F1,N_Sp,N_AUPRC,S_Se,S_Ppr,S_Acc,S_F1,S_Sp,S_AUPRC,V_Se,V_Ppr,V_Acc,V_F1,V_Sp,V_AUPRC
0,3,1,WSL,32,4,8,16,MGMP,True,True,predictions_beats,3,1e-10,19,60,60,False,0,0.1,valset_early_stop,[0.1 2.  2. ],10.0,[0 1 2 3 4],2021-07-01-022244732446,predictions_beats,"[[355002   3170   2185]
 [  4995   8567   2437]
 [  2329   1727  29134]]",total_db,0.9851397364280419,0.9797861594254894,0.969041328690794,0.9824556547806795,0.8511049218321152,0.9958591218413615,0.5354709669354302,0.636289364230536,0.9698959335459262,0.5815429521276734,0.9875567594213649,0.5681531786452363,0.8777945164206059,0.8630761938618293,0.9788106830490345,0.8703731365078237,0.9877190744932985,0.9441950431951184
